H, 0, 24, 10, 0.36201900000000004
H, 1, 24, 10, 0.227412
H, 2, 24, 10, 0.198794
H, 3, 24, 10, 0.19477
H, 4, 24, 10, 0.21471099999999999
H, 5, 24, 10, 0.176348
H, 6, 24, 10, 0.18930599999999997
H, 7, 24, 10, 0.186361
H, 8, 24, 10, 0.183375
H, 9, 24, 10, 0.18126
H, 0, 24, 11, 0.30710200000000004
H, 1, 24, 11, 0.212423
H, 2, 24, 11, 0.204356
H, 3, 24, 11, 0.20829899999999998
H, 4, 24, 11, 0.194847
H, 5, 24, 11, 0.25313
H, 6, 24, 11, 0.181923
H, 7, 24, 11, 0.18765099999999998
H, 8, 24, 11, 0.180988
H, 9, 24, 11, 0.18517499999999998
H, 10, 24, 11, 0.180669
H, 0, 24, 12, 0.238965
H, 1, 24, 12, 0.25936699999999996
H, 2, 24, 12, 0.20990799999999998
H, 3, 24, 12, 0.193643
H, 4, 24, 12, 0.182588
H, 5, 24, 12, 0.19131900000000002
H, 6, 24, 12, 0.18335500000000002
H, 7, 24, 12, 0.209089
H, 8, 24, 12, 0.18486499999999997
H, 9, 24, 12, 0.17616400000000002
H, 10, 24, 12, 0.18146700000000002
H, 11, 24, 12, 0.17804299999999998
H, 0, 24, 13, 0.311873
H, 1, 24, 13, 0.22671899999999998
H, 2, 24, 13, 0.19348200000000002
H, 3, 24, 13, 0.19308200000000003
H, 4, 24, 13, 0.180546
H, 5, 24, 13, 0.18225999999999998
H, 6, 24, 13, 0.184779
H, 7, 24, 13, 0.18732700000000002
H, 8, 24, 13, 0.187643
H, 9, 24, 13, 0.18027200000000002
H, 10, 24, 13, 0.173408
H, 11, 24, 13, 0.180697
H, 12, 24, 13, 0.177835
H, 0, 24, 14, 0.267765
H, 1, 24, 14, 0.26464499999999996
H, 2, 24, 14, 0.20195899999999997
H, 3, 24, 14, 0.194104
H, 4, 24, 14, 0.19182000000000002
H, 5, 24, 14, 0.19008899999999998
H, 6, 24, 14, 0.18585100000000002
H, 7, 24, 14, 0.22588799999999998
H, 8, 24, 14, 0.187043
H, 9, 24, 14, 0.180386
H, 10, 24, 14, 0.185403
H, 11, 24, 14, 0.179758
H, 12, 24, 14, 0.182282
H, 13, 24, 14, 0.17367400000000002
H, 0, 24, 15, 0.29001200000000005
H, 1, 24, 15, 0.223435
H, 2, 24, 15, 0.200931
H, 3, 24, 15, 0.20089500000000002
H, 4, 24, 15, 0.19515600000000002
H, 5, 24, 15, 0.19689600000000002
H, 6, 24, 15, 0.203486
H, 7, 24, 15, 0.204341
H, 8, 24, 15, 0.19736
H, 9, 24, 15, 0.1908
H, 10, 24, 15, 0.18382300000000001
H, 11, 24, 15, 0.183448
H, 12, 24, 15, 0.239921
H, 13, 24, 15, 0.19575499999999998
H, 14, 24, 15, 0.19217499999999998
H, 0, 24, 16, 0.264945
H, 1, 24, 16, 0.257208
H, 2, 24, 16, 0.230831
H, 3, 24, 16, 0.219718
H, 4, 24, 16, 0.224134
H, 5, 24, 16, 0.22754699999999997
H, 6, 24, 16, 0.23214700000000002
H, 7, 24, 16, 0.22471499999999997
H, 8, 24, 16, 0.222763
H, 9, 24, 16, 0.213617
H, 10, 24, 16, 0.213623
H, 11, 24, 16, 0.211839
H, 12, 24, 16, 0.217829
H, 13, 24, 16, 0.20690299999999998
H, 14, 24, 16, 0.21046499999999999
H, 15, 24, 16, 0.207335
H, 0, 24, 17, 0.26240300000000005
H, 1, 24, 17, 0.24369700000000002
H, 2, 24, 17, 0.237896
H, 3, 24, 17, 0.23538699999999999
H, 4, 24, 17, 0.229532
H, 5, 24, 17, 0.236369
H, 6, 24, 17, 0.24433799999999997
H, 7, 24, 17, 0.23017300000000002
H, 8, 24, 17, 0.215615
H, 9, 24, 17, 0.22476400000000002
H, 10, 24, 17, 0.23994999999999997
H, 11, 24, 17, 0.220946
H, 12, 24, 17, 0.22727299999999998
H, 13, 24, 17, 0.21575299999999997
H, 14, 24, 17, 0.21569000000000002
H, 15, 24, 17, 0.220048
H, 16, 24, 17, 0.23016799999999998
H, 0, 24, 18, 0.394169
H, 1, 24, 18, 0.369974
H, 2, 24, 18, 0.343947
H, 3, 24, 18, 0.35734000000000005
H, 4, 24, 18, 0.33303
H, 5, 24, 18, 0.358312
H, 6, 24, 18, 0.353437
H, 7, 24, 18, 0.36004099999999994
H, 8, 24, 18, 0.329814
H, 9, 24, 18, 0.32759799999999994
H, 10, 24, 18, 0.324695
H, 11, 24, 18, 0.31840300000000005
H, 12, 24, 18, 0.31543
H, 13, 24, 18, 0.337379
H, 14, 24, 18, 0.325716
H, 15, 24, 18, 0.316766
H, 16, 24, 18, 0.31950100000000003
H, 17, 24, 18, 0.31272099999999997
H, 0, 25, 10, 0.410268
H, 1, 25, 10, 0.41829199999999994
H, 2, 25, 10, 0.32718499999999995
H, 3, 25, 10, 0.35217800000000005
H, 4, 25, 10, 0.297445
H, 5, 25, 10, 0.295846
H, 6, 25, 10, 0.302902
H, 7, 25, 10, 0.31333600000000006
H, 8, 25, 10, 0.301791
H, 9, 25, 10, 0.294992
H, 0, 25, 11, 0.5095750000000001
H, 1, 25, 11, 0.40876
H, 2, 25, 11, 0.34512800000000005
H, 3, 25, 11, 0.35706099999999996
H, 4, 25, 11, 0.342702
H, 5, 25, 11, 0.341504
H, 6, 25, 11, 0.311298
H, 7, 25, 11, 0.31955100000000003
H, 8, 25, 11, 0.30666299999999996
H, 9, 25, 11, 0.30718900000000005
H, 10, 25, 11, 0.298714
H, 0, 25, 12, 0.417094
H, 1, 25, 12, 0.412793
H, 2, 25, 12, 0.35846200000000006
H, 3, 25, 12, 0.361371
H, 4, 25, 12, 0.35536199999999996
H, 5, 25, 12, 0.331822
H, 6, 25, 12, 0.318813
H, 7, 25, 12, 0.32667799999999997
H, 8, 25, 12, 0.32383599999999996
H, 9, 25, 12, 0.30877699999999997
H, 10, 25, 12, 0.31304
H, 11, 25, 12, 0.326191
H, 0, 25, 13, 0.41813500000000003
H, 1, 25, 13, 0.385976
H, 2, 25, 13, 0.33393100000000003
H, 3, 25, 13, 0.337794
H, 4, 25, 13, 0.342593
H, 5, 25, 13, 0.317189
H, 6, 25, 13, 0.31810900000000003
H, 7, 25, 13, 0.32943
H, 8, 25, 13, 0.31801700000000005
H, 9, 25, 13, 0.3131189999999999
H, 10, 25, 13, 0.30934
H, 11, 25, 13, 0.30872099999999997
H, 12, 25, 13, 0.309918
H, 0, 25, 14, 0.5307540000000001
H, 1, 25, 14, 0.406835
H, 2, 25, 14, 0.355635
H, 3, 25, 14, 0.3253869999999999
H, 4, 25, 14, 0.32459000000000005
H, 5, 25, 14, 0.322538
H, 6, 25, 14, 0.315144
H, 7, 25, 14, 0.328814
H, 8, 25, 14, 0.341324
H, 9, 25, 14, 0.31656200000000007
H, 10, 25, 14, 0.32165699999999997
H, 11, 25, 14, 0.316122
H, 12, 25, 14, 0.30735399999999996
H, 13, 25, 14, 0.317771
H, 0, 25, 15, 0.655123
H, 1, 25, 15, 0.397643
H, 2, 25, 15, 0.35246800000000006
H, 3, 25, 15, 0.348985
H, 4, 25, 15, 0.3444
H, 5, 25, 15, 0.343887
H, 6, 25, 15, 0.34464700000000004
H, 7, 25, 15, 0.344873
H, 8, 25, 15, 0.332049
H, 9, 25, 15, 0.328342
H, 10, 25, 15, 0.32625699999999996
H, 11, 25, 15, 0.323667
H, 12, 25, 15, 0.44765600000000005
H, 13, 25, 15, 0.33263200000000004
H, 14, 25, 15, 0.318513
H, 0, 25, 16, 0.44672900000000004
H, 1, 25, 16, 0.42060100000000006
H, 2, 25, 16, 0.393154
H, 3, 25, 16, 0.37787699999999996
H, 4, 25, 16, 0.37229900000000005
H, 5, 25, 16, 0.39598099999999997
H, 6, 25, 16, 0.43477899999999997
H, 7, 25, 16, 0.39712699999999995
H, 8, 25, 16, 0.367411
H, 9, 25, 16, 0.36259899999999995
H, 10, 25, 16, 0.364193
H, 11, 25, 16, 0.360977
H, 12, 25, 16, 0.35833200000000004
H, 13, 25, 16, 0.358637
H, 14, 25, 16, 0.36072699999999996
H, 15, 25, 16, 0.35937600000000003
H, 0, 25, 17, 0.47290600000000005
H, 1, 25, 17, 0.430662
H, 2, 25, 17, 0.406397
H, 3, 25, 17, 0.38882
H, 4, 25, 17, 0.390631
H, 5, 25, 17, 0.40979699999999997
H, 6, 25, 17, 0.427202
H, 7, 25, 17, 0.40820500000000004
H, 8, 25, 17, 0.531442
H, 9, 25, 17, 0.407181
H, 10, 25, 17, 0.376714
H, 11, 25, 17, 0.38082900000000003
H, 12, 25, 17, 0.37075499999999995
H, 13, 25, 17, 0.374573
H, 14, 25, 17, 0.38137400000000005
H, 15, 25, 17, 0.373996
H, 16, 25, 17, 0.373541
H, 0, 25, 18, 0.7395970000000001
H, 1, 25, 18, 0.696648
H, 2, 25, 18, 0.630179
H, 3, 25, 18, 0.6246320000000001
H, 4, 25, 18, 0.616565
H, 5, 25, 18, 0.669213
H, 6, 25, 18, 0.662497
H, 7, 25, 18, 0.6388050000000001
H, 8, 25, 18, 0.591446
H, 9, 25, 18, 0.580703
H, 10, 25, 18, 0.563778
H, 11, 25, 18, 0.589343
H, 12, 25, 18, 0.564538
H, 13, 25, 18, 0.580494
H, 14, 25, 18, 0.581871
H, 15, 25, 18, 0.6223299999999999
H, 16, 25, 18, 0.575382
H, 17, 25, 18, 0.5844239999999999
H, 0, 26, 10, 0.744368
H, 1, 26, 10, 0.640076
H, 2, 26, 10, 0.610086
H, 3, 26, 10, 0.561827
H, 4, 26, 10, 0.5535890000000001
H, 5, 26, 10, 0.558313
H, 6, 26, 10, 0.5762309999999999
H, 7, 26, 10, 0.5829639999999999
H, 8, 26, 10, 0.565825
H, 9, 26, 10, 0.549814
H, 0, 26, 11, 0.757742
H, 1, 26, 11, 0.7362839999999999
H, 2, 26, 11, 0.5934849999999999
H, 3, 26, 11, 0.607567
H, 4, 26, 11, 0.565889
H, 5, 26, 11, 0.568735
H, 6, 26, 11, 0.573926
H, 7, 26, 11, 0.603142
H, 8, 26, 11, 0.580591
H, 9, 26, 11, 0.558125
H, 10, 26, 11, 0.604066
H, 0, 26, 12, 0.7695979999999999
H, 1, 26, 12, 0.724178
H, 2, 26, 12, 0.616074
H, 3, 26, 12, 0.609959
H, 4, 26, 12, 0.590736
H, 5, 26, 12, 0.580867
H, 6, 26, 12, 0.873619
H, 7, 26, 12, 0.6118750000000001
H, 8, 26, 12, 0.5770460000000001
H, 9, 26, 12, 0.572928
H, 10, 26, 12, 0.570696
H, 11, 26, 12, 0.572495
H, 0, 26, 13, 0.765531
H, 1, 26, 13, 0.738958
H, 2, 26, 13, 0.615644
H, 3, 26, 13, 0.6220819999999999
H, 4, 26, 13, 0.592087
H, 5, 26, 13, 0.5871649999999999
H, 6, 26, 13, 0.5788530000000001
H, 7, 26, 13, 0.604897
H, 8, 26, 13, 0.577114
H, 9, 26, 13, 0.575608
H, 10, 26, 13, 0.5646700000000001
H, 11, 26, 13, 0.565135
H, 12, 26, 13, 0.564004
H, 0, 26, 14, 0.7686569999999999
H, 1, 26, 14, 0.737579
H, 2, 26, 14, 0.6193690000000001
H, 3, 26, 14, 0.611806
H, 4, 26, 14, 0.588089
H, 5, 26, 14, 0.610637
H, 6, 26, 14, 0.581552
H, 7, 26, 14, 0.632976
H, 8, 26, 14, 0.578224
H, 9, 26, 14, 0.571918
H, 10, 26, 14, 0.567949
H, 11, 26, 14, 0.5859329999999999
H, 12, 26, 14, 0.569153
H, 13, 26, 14, 0.566154
H, 0, 26, 15, 0.785168
H, 1, 26, 15, 0.7392029999999999
H, 2, 26, 15, 0.645929
H, 3, 26, 15, 0.632627
H, 4, 26, 15, 0.626078
H, 5, 26, 15, 0.634654
H, 6, 26, 15, 0.641008
H, 7, 26, 15, 0.6352420000000001
H, 8, 26, 15, 0.614357
H, 9, 26, 15, 0.595956
H, 10, 26, 15, 0.5960110000000001
H, 11, 26, 15, 0.598047
H, 12, 26, 15, 0.591615
H, 13, 26, 15, 0.602562
H, 14, 26, 15, 0.596261
H, 0, 26, 16, 0.827638
H, 1, 26, 16, 0.767596
H, 2, 26, 16, 0.688572
H, 3, 26, 16, 0.6939480000000001
H, 4, 26, 16, 0.6824610000000001
H, 5, 26, 16, 0.722027
H, 6, 26, 16, 0.7438870000000001
H, 7, 26, 16, 0.740901
H, 8, 26, 16, 0.6638529999999999
H, 9, 26, 16, 0.661873
H, 10, 26, 16, 0.6563479999999999
H, 11, 26, 16, 0.678727
H, 12, 26, 16, 0.8960890000000001
H, 13, 26, 16, 0.664834
H, 14, 26, 16, 0.66151
H, 15, 26, 16, 0.651369
H, 0, 26, 17, 0.8506569999999999
H, 1, 26, 17, 0.873095
H, 2, 26, 17, 0.7122589999999999
H, 3, 26, 17, 0.7019789999999999
H, 4, 26, 17, 0.700392
H, 5, 26, 17, 0.750091
H, 6, 26, 17, 0.753266
H, 7, 26, 17, 0.74678
H, 8, 26, 17, 0.7016519999999999
H, 9, 26, 17, 0.676983
H, 10, 26, 17, 0.6703720000000001
H, 11, 26, 17, 0.6812250000000001
H, 12, 26, 17, 0.674551
H, 13, 26, 17, 0.674384
H, 14, 26, 17, 0.677898
H, 15, 26, 17, 0.6775979999999999
H, 16, 26, 17, 0.6761039999999999
H, 0, 26, 18, 1.54613
H, 1, 26, 18, 1.32931
H, 2, 26, 18, 1.2299
H, 3, 26, 18, 1.17923
H, 4, 26, 18, 1.24143
H, 5, 26, 18, 1.32827
H, 6, 26, 18, 1.24354
H, 7, 26, 18, 1.24284
H, 8, 26, 18, 1.12933
H, 9, 26, 18, 1.20763
H, 10, 26, 18, 1.1346500000000002
H, 11, 26, 18, 1.0782999999999998
H, 12, 26, 18, 1.0851
H, 13, 26, 18, 1.17791
H, 14, 26, 18, 1.17224
H, 15, 26, 18, 1.0770899999999999
H, 16, 26, 18, 1.0660100000000001
H, 17, 26, 18, 1.0376299999999998
H, 0, 27, 10, 1.424
H, 1, 27, 10, 1.21735
H, 2, 27, 10, 1.09972
H, 3, 27, 10, 1.0816000000000001
H, 4, 27, 10, 1.08771
H, 5, 27, 10, 1.04921
H, 6, 27, 10, 1.05773
H, 7, 27, 10, 1.1127500000000001
H, 8, 27, 10, 1.04981
H, 9, 27, 10, 1.05543
H, 0, 27, 11, 1.4401700000000002
H, 1, 27, 11, 1.2635699999999999
H, 2, 27, 11, 1.12802
H, 3, 27, 11, 1.1130300000000002
H, 4, 27, 11, 1.07449
H, 5, 27, 11, 1.08295
H, 6, 27, 11, 1.08609
H, 7, 27, 11, 1.1224399999999999
H, 8, 27, 11, 1.08221
H, 9, 27, 11, 1.07419
H, 10, 27, 11, 1.05039
H, 0, 27, 12, 1.50027
H, 1, 27, 12, 1.4073099999999998
H, 2, 27, 12, 1.66542
H, 3, 27, 12, 1.1676600000000001
H, 4, 27, 12, 1.13766
H, 5, 27, 12, 1.1220800000000002
H, 6, 27, 12, 1.13505
H, 7, 27, 12, 1.14449
H, 8, 27, 12, 1.2083700000000002
H, 9, 27, 12, 1.1005800000000001
H, 10, 27, 12, 1.09985
H, 11, 27, 12, 1.07912
H, 0, 27, 13, 1.48073
H, 1, 27, 13, 1.3824800000000002
H, 2, 27, 13, 1.1733200000000001
H, 3, 27, 13, 1.16894
H, 4, 27, 13, 1.12571
H, 5, 27, 13, 1.1714200000000001
H, 6, 27, 13, 1.1204100000000001
H, 7, 27, 13, 1.1534
H, 8, 27, 13, 1.09485
H, 9, 27, 13, 1.17262
H, 10, 27, 13, 1.07909
H, 11, 27, 13, 1.0856299999999999
H, 12, 27, 13, 1.07448
H, 0, 27, 14, 1.48062
H, 1, 27, 14, 1.38825
H, 2, 27, 14, 1.17431
H, 3, 27, 14, 1.15083
H, 4, 27, 14, 1.1233600000000001
H, 5, 27, 14, 1.13014
H, 6, 27, 14, 1.1118999999999999
H, 7, 27, 14, 1.25162
H, 8, 27, 14, 1.10775
H, 9, 27, 14, 1.089
H, 10, 27, 14, 1.08348
H, 11, 27, 14, 1.08676
H, 12, 27, 14, 1.0873599999999999
H, 13, 27, 14, 1.1966499999999998
H, 0, 27, 15, 1.51698
H, 1, 27, 15, 1.42621
H, 2, 27, 15, 1.24774
H, 3, 27, 15, 1.21386
H, 4, 27, 15, 1.19677
H, 5, 27, 15, 1.2187400000000002
H, 6, 27, 15, 1.23569
H, 7, 27, 15, 1.28412
H, 8, 27, 15, 1.15174
H, 9, 27, 15, 1.14326
H, 10, 27, 15, 1.132
H, 11, 27, 15, 1.1459000000000001
H, 12, 27, 15, 1.13386
H, 13, 27, 15, 1.14134
H, 14, 27, 15, 1.14289
H, 0, 27, 16, 1.59566
H, 1, 27, 16, 1.46562
H, 2, 27, 16, 1.29809
H, 3, 27, 16, 1.3046200000000001
H, 4, 27, 16, 1.3012899999999998
H, 5, 27, 16, 1.3741
H, 6, 27, 16, 1.4229100000000001
H, 7, 27, 16, 1.3947699999999998
H, 8, 27, 16, 1.27301
H, 9, 27, 16, 1.25941
H, 10, 27, 16, 1.2496099999999999
H, 11, 27, 16, 1.2637000000000003
H, 12, 27, 16, 1.26921
H, 13, 27, 16, 1.2635399999999999
H, 14, 27, 16, 1.26364
H, 15, 27, 16, 1.25853
H, 0, 27, 17, 1.6437
H, 1, 27, 17, 1.67092
H, 2, 27, 17, 1.39389
H, 3, 27, 17, 1.84544
H, 4, 27, 17, 1.39044
H, 5, 27, 17, 1.4138400000000002
H, 6, 27, 17, 1.42961
H, 7, 27, 17, 1.40147
H, 8, 27, 17, 1.3031499999999998
H, 9, 27, 17, 1.3212899999999999
H, 10, 27, 17, 1.28362
H, 11, 27, 17, 1.2901099999999999
H, 12, 27, 17, 1.29456
H, 13, 27, 17, 1.30018
H, 14, 27, 17, 1.2885
H, 15, 27, 17, 1.2825900000000001
H, 16, 27, 17, 1.28272
H, 0, 27, 18, 2.78553
H, 1, 27, 18, 2.52369
H, 2, 27, 18, 2.40682
H, 3, 27, 18, 2.33765
H, 4, 27, 18, 2.2917699999999996
H, 5, 27, 18, 2.5291699999999997
H, 6, 27, 18, 2.43582
H, 7, 27, 18, 2.36696
H, 8, 27, 18, 2.15726
H, 9, 27, 18, 2.2580899999999997
H, 10, 27, 18, 2.0697900000000002
H, 11, 27, 18, 2.09449
H, 12, 27, 18, 2.1653599999999997
H, 13, 27, 18, 2.12199
H, 14, 27, 18, 2.1761
H, 15, 27, 18, 2.24382
H, 16, 27, 18, 2.08991
H, 17, 27, 18, 2.22683
X, 0, 24, 10, 0.33239900000000006
X, 1, 24, 10, 0.24096900000000002
X, 2, 24, 10, 0.23435999999999998
X, 3, 24, 10, 0.23560399999999998
X, 4, 24, 10, 0.241946
X, 5, 24, 10, 0.231262
X, 6, 24, 10, 0.234866
X, 7, 24, 10, 0.2497
X, 8, 24, 10, 0.243365
X, 9, 24, 10, 0.24014000000000002
X, 0, 24, 11, 0.238512
X, 1, 24, 11, 0.23976799999999998
X, 2, 24, 11, 0.240864
X, 3, 24, 11, 0.23620700000000003
X, 4, 24, 11, 0.23994000000000001
X, 5, 24, 11, 0.245334
X, 6, 24, 11, 0.239722
X, 7, 24, 11, 0.241943
X, 8, 24, 11, 0.239872
X, 9, 24, 11, 0.23354799999999998
X, 10, 24, 11, 0.23974399999999998
X, 0, 24, 12, 0.248281
X, 1, 24, 12, 0.242347
X, 2, 24, 12, 0.247631
X, 3, 24, 12, 0.243215
X, 4, 24, 12, 0.242248
X, 5, 24, 12, 0.242871
X, 6, 24, 12, 0.242384
X, 7, 24, 12, 0.246629
X, 8, 24, 12, 0.239907
X, 9, 24, 12, 0.23935299999999998
X, 10, 24, 12, 0.24448899999999996
X, 11, 24, 12, 0.24253799999999998
X, 0, 24, 13, 0.24602000000000002
X, 1, 24, 13, 0.24261499999999997
X, 2, 24, 13, 0.23954199999999998
X, 3, 24, 13, 0.25336899999999996
X, 4, 24, 13, 0.244576
X, 5, 24, 13, 0.24495000000000003
X, 6, 24, 13, 0.241432
X, 7, 24, 13, 0.24249199999999999
X, 8, 24, 13, 0.23834100000000003
X, 9, 24, 13, 0.24212799999999998
X, 10, 24, 13, 0.24285299999999999
X, 11, 24, 13, 0.235146
X, 12, 24, 13, 0.351852
X, 0, 24, 14, 0.246828
X, 1, 24, 14, 0.249741
X, 2, 24, 14, 0.246199
X, 3, 24, 14, 0.241115
X, 4, 24, 14, 0.239972
X, 5, 24, 14, 0.254208
X, 6, 24, 14, 0.24155200000000002
X, 7, 24, 14, 0.252347
X, 8, 24, 14, 0.240616
X, 9, 24, 14, 0.23940699999999998
X, 10, 24, 14, 0.240275
X, 11, 24, 14, 0.235748
X, 12, 24, 14, 0.245573
X, 13, 24, 14, 0.23636100000000002
X, 0, 24, 15, 0.24806399999999998
X, 1, 24, 15, 0.24719899999999997
X, 2, 24, 15, 0.248816
X, 3, 24, 15, 0.23923799999999998
X, 4, 24, 15, 0.256289
X, 5, 24, 15, 0.254579
X, 6, 24, 15, 0.250623
X, 7, 24, 15, 0.260048
X, 8, 24, 15, 0.260136
X, 9, 24, 15, 0.24195999999999998
X, 10, 24, 15, 0.3220569999999999
X, 11, 24, 15, 0.247346
X, 12, 24, 15, 0.243754
X, 13, 24, 15, 0.2408
X, 14, 24, 15, 0.24155
X, 0, 24, 16, 0.282393
X, 1, 24, 16, 0.268579
X, 2, 24, 16, 0.25861900000000004
X, 3, 24, 16, 0.267614
X, 4, 24, 16, 0.25656799999999996
X, 5, 24, 16, 0.27190099999999995
X, 6, 24, 16, 0.273333
X, 7, 24, 16, 0.26998399999999995
X, 8, 24, 16, 0.258027
X, 9, 24, 16, 0.271478
X, 10, 24, 16, 0.261069
X, 11, 24, 16, 0.2659
X, 12, 24, 16, 0.255881
X, 13, 24, 16, 0.259739
X, 14, 24, 16, 0.255729
X, 15, 24, 16, 0.256748
X, 0, 24, 17, 0.26821500000000004
X, 1, 24, 17, 0.266466
X, 2, 24, 17, 0.27803
X, 3, 24, 17, 0.26019899999999996
X, 4, 24, 17, 0.26848500000000003
X, 5, 24, 17, 0.285617
X, 6, 24, 17, 0.284926
X, 7, 24, 17, 0.388381
X, 8, 24, 17, 0.26338799999999996
X, 9, 24, 17, 0.265075
X, 10, 24, 17, 0.262919
X, 11, 24, 17, 0.265187
X, 12, 24, 17, 0.256206
X, 13, 24, 17, 0.266984
X, 14, 24, 17, 0.263035
X, 15, 24, 17, 0.263499
X, 16, 24, 17, 0.267287
X, 0, 24, 18, 0.414614
X, 1, 24, 18, 0.41290399999999994
X, 2, 24, 18, 0.406866
X, 3, 24, 18, 0.421147
X, 4, 24, 18, 0.42283099999999996
X, 5, 24, 18, 0.422199
X, 6, 24, 18, 0.43485999999999997
X, 7, 24, 18, 0.417605
X, 8, 24, 18, 0.41393199999999997
X, 9, 24, 18, 0.39746200000000004
X, 10, 24, 18, 0.39791600000000005
X, 11, 24, 18, 0.401995
X, 12, 24, 18, 0.409207
X, 13, 24, 18, 0.428206
X, 14, 24, 18, 0.40546800000000005
X, 15, 24, 18, 0.400841
X, 16, 24, 18, 0.406971
X, 17, 24, 18, 0.401436
X, 0, 25, 10, 0.41085900000000003
X, 1, 25, 10, 0.428784
X, 2, 25, 10, 0.411049
X, 3, 25, 10, 0.412056
X, 4, 25, 10, 0.406629
X, 5, 25, 10, 0.407607
X, 6, 25, 10, 0.41362899999999997
X, 7, 25, 10, 0.430267
X, 8, 25, 10, 0.406651
X, 9, 25, 10, 0.407102
X, 0, 25, 11, 0.432216
X, 1, 25, 11, 0.42689699999999997
X, 2, 25, 11, 0.416871
X, 3, 25, 11, 0.417893
X, 4, 25, 11, 0.42212399999999994
X, 5, 25, 11, 0.41315999999999997
X, 6, 25, 11, 0.41202700000000003
X, 7, 25, 11, 0.433599
X, 8, 25, 11, 0.41840000000000005
X, 9, 25, 11, 0.40233900000000006
X, 10, 25, 11, 0.402755
X, 0, 25, 12, 0.43218500000000004
X, 1, 25, 12, 0.438322
X, 2, 25, 12, 0.42008999999999996
X, 3, 25, 12, 0.42305899999999996
X, 4, 25, 12, 0.421898
X, 5, 25, 12, 0.425147
X, 6, 25, 12, 0.427974
X, 7, 25, 12, 0.42741
X, 8, 25, 12, 0.42093600000000003
X, 9, 25, 12, 0.41696999999999995
X, 10, 25, 12, 0.415443
X, 11, 25, 12, 0.414555
X, 0, 25, 13, 0.44251899999999994
X, 1, 25, 13, 0.478305
X, 2, 25, 13, 0.42394000000000004
X, 3, 25, 13, 0.411697
X, 4, 25, 13, 0.41984699999999997
X, 5, 25, 13, 0.433299
X, 6, 25, 13, 0.419716
X, 7, 25, 13, 0.42676
X, 8, 25, 13, 0.431896
X, 9, 25, 13, 0.42043200000000003
X, 10, 25, 13, 0.4122
X, 11, 25, 13, 0.41932800000000003
X, 12, 25, 13, 0.41503900000000005
X, 0, 25, 14, 0.42668999999999996
X, 1, 25, 14, 0.44025099999999995
X, 2, 25, 14, 0.422756
X, 3, 25, 14, 0.41167099999999995
X, 4, 25, 14, 0.42651300000000003
X, 5, 25, 14, 0.41728000000000004
X, 6, 25, 14, 0.433929
X, 7, 25, 14, 0.434913
X, 8, 25, 14, 0.417652
X, 9, 25, 14, 0.416435
X, 10, 25, 14, 0.417496
X, 11, 25, 14, 0.422273
X, 12, 25, 14, 0.41526100000000005
X, 13, 25, 14, 0.421514
X, 0, 25, 15, 0.44517599999999996
X, 1, 25, 15, 0.47385200000000005
X, 2, 25, 15, 0.435742
X, 3, 25, 15, 0.43998500000000007
X, 4, 25, 15, 0.44373599999999996
X, 5, 25, 15, 0.4655659999999999
X, 6, 25, 15, 0.443799
X, 7, 25, 15, 0.43758199999999997
X, 8, 25, 15, 0.668141
X, 9, 25, 15, 0.427576
X, 10, 25, 15, 0.42377
X, 11, 25, 15, 0.421326
X, 12, 25, 15, 0.420606
X, 13, 25, 15, 0.423429
X, 14, 25, 15, 0.415216
X, 0, 25, 16, 0.46977499999999994
X, 1, 25, 16, 0.46965100000000004
X, 2, 25, 16, 0.454417
X, 3, 25, 16, 0.444958
X, 4, 25, 16, 0.45600599999999997
X, 5, 25, 16, 0.47894
X, 6, 25, 16, 0.47381100000000004
X, 7, 25, 16, 0.47245000000000004
X, 8, 25, 16, 0.450937
X, 9, 25, 16, 0.45605199999999996
X, 10, 25, 16, 0.44458200000000003
X, 11, 25, 16, 0.441405
X, 12, 25, 16, 0.445766
X, 13, 25, 16, 0.445243
X, 14, 25, 16, 0.446328
X, 15, 25, 16, 0.44496300000000005
X, 0, 25, 17, 0.47723799999999994
X, 1, 25, 17, 0.47363
X, 2, 25, 17, 0.461553
X, 3, 25, 17, 0.463219
X, 4, 25, 17, 0.470055
X, 5, 25, 17, 0.487019
X, 6, 25, 17, 0.502391
X, 7, 25, 17, 0.48773400000000006
X, 8, 25, 17, 0.464573
X, 9, 25, 17, 0.46991400000000005
X, 10, 25, 17, 0.459229
X, 11, 25, 17, 0.463933
X, 12, 25, 17, 0.45575600000000005
X, 13, 25, 17, 0.454783
X, 14, 25, 17, 0.459069
X, 15, 25, 17, 0.470574
X, 16, 25, 17, 0.461246
X, 0, 25, 18, 0.7723770000000001
X, 1, 25, 18, 0.778241
X, 2, 25, 18, 0.735682
X, 3, 25, 18, 0.7723639999999999
X, 4, 25, 18, 0.8334940000000001
X, 5, 25, 18, 0.8340369999999999
X, 6, 25, 18, 0.7910159999999999
X, 7, 25, 18, 0.8002140000000001
X, 8, 25, 18, 0.735534
X, 9, 25, 18, 0.7399269999999999
X, 10, 25, 18, 0.727797
X, 11, 25, 18, 0.7268749999999999
X, 12, 25, 18, 0.7481110000000001
X, 13, 25, 18, 0.733499
X, 14, 25, 18, 0.764939
X, 15, 25, 18, 0.737332
X, 16, 25, 18, 0.7291930000000001
X, 17, 25, 18, 0.723262
X, 0, 26, 10, 0.767961
X, 1, 26, 10, 0.7649440000000001
X, 2, 26, 10, 0.759986
X, 3, 26, 10, 0.7462009999999999
X, 4, 26, 10, 0.755001
X, 5, 26, 10, 0.7472479999999999
X, 6, 26, 10, 0.753451
X, 7, 26, 10, 0.7513329999999999
X, 8, 26, 10, 0.745808
X, 9, 26, 10, 0.738911
X, 0, 26, 11, 0.780477
X, 1, 26, 11, 0.769651
X, 2, 26, 11, 0.7637280000000001
X, 3, 26, 11, 0.755962
X, 4, 26, 11, 0.757238
X, 5, 26, 11, 0.7551579999999999
X, 6, 26, 11, 0.7535890000000001
X, 7, 26, 11, 0.7764500000000001
X, 8, 26, 11, 0.7516249999999999
X, 9, 26, 11, 0.746004
X, 10, 26, 11, 0.751219
X, 0, 26, 12, 0.8055840000000001
X, 1, 26, 12, 0.83495
X, 2, 26, 12, 0.7741939999999999
X, 3, 26, 12, 0.774821
X, 4, 26, 12, 0.786013
X, 5, 26, 12, 0.783255
X, 6, 26, 12, 0.795336
X, 7, 26, 12, 0.7903739999999999
X, 8, 26, 12, 0.773042
X, 9, 26, 12, 1.14682
X, 10, 26, 12, 0.776902
X, 11, 26, 12, 0.7652739999999999
X, 0, 26, 13, 0.7978689999999999
X, 1, 26, 13, 0.800991
X, 2, 26, 13, 0.7761609999999999
X, 3, 26, 13, 0.774353
X, 4, 26, 13, 0.772502
X, 5, 26, 13, 0.796974
X, 6, 26, 13, 0.774485
X, 7, 26, 13, 0.782803
X, 8, 26, 13, 0.784836
X, 9, 26, 13, 0.768976
X, 10, 26, 13, 0.761737
X, 11, 26, 13, 0.7706949999999999
X, 12, 26, 13, 0.7628450000000001
X, 0, 26, 14, 0.8055460000000001
X, 1, 26, 14, 0.809011
X, 2, 26, 14, 0.781672
X, 3, 26, 14, 0.7843060000000001
X, 4, 26, 14, 0.795633
X, 5, 26, 14, 0.785657
X, 6, 26, 14, 0.782356
X, 7, 26, 14, 0.793821
X, 8, 26, 14, 0.784676
X, 9, 26, 14, 0.790534
X, 10, 26, 14, 0.7802149999999999
X, 11, 26, 14, 0.7782680000000001
X, 12, 26, 14, 0.7723190000000001
X, 13, 26, 14, 0.763589
X, 0, 26, 15, 0.8256370000000001
X, 1, 26, 15, 0.82022
X, 2, 26, 15, 0.818937
X, 3, 26, 15, 0.7975
X, 4, 26, 15, 0.8060660000000001
X, 5, 26, 15, 0.821673
X, 6, 26, 15, 0.824386
X, 7, 26, 15, 0.8278760000000001
X, 8, 26, 15, 0.791306
X, 9, 26, 15, 0.9544900000000001
X, 10, 26, 15, 0.7773599999999999
X, 11, 26, 15, 0.779719
X, 12, 26, 15, 0.7878229999999999
X, 13, 26, 15, 0.782192
X, 14, 26, 15, 0.788662
X, 0, 26, 16, 0.883248
X, 1, 26, 16, 0.8470890000000001
X, 2, 26, 16, 0.8596699999999999
X, 3, 26, 16, 0.8437870000000001
X, 4, 26, 16, 0.938359
X, 5, 26, 16, 0.903481
X, 6, 26, 16, 0.89974
X, 7, 26, 16, 0.880958
X, 8, 26, 16, 0.8444699999999999
X, 9, 26, 16, 0.828641
X, 10, 26, 16, 0.8249890000000001
X, 11, 26, 16, 0.8232140000000001
X, 12, 26, 16, 0.8170090000000001
X, 13, 26, 16, 0.8365060000000001
X, 14, 26, 16, 0.8172020000000001
X, 15, 26, 16, 0.906783
X, 0, 26, 17, 0.877214
X, 1, 26, 17, 0.867583
X, 2, 26, 17, 0.871092
X, 3, 26, 17, 0.867585
X, 4, 26, 17, 0.880941
X, 5, 26, 17, 0.9128509999999999
X, 6, 26, 17, 0.91455
X, 7, 26, 17, 0.9030440000000001
X, 8, 26, 17, 0.8630340000000001
X, 9, 26, 17, 0.8430519999999999
X, 10, 26, 17, 0.842348
X, 11, 26, 17, 0.836709
X, 12, 26, 17, 0.845114
X, 13, 26, 17, 0.837638
X, 14, 26, 17, 0.854337
X, 15, 26, 17, 0.829763
X, 16, 26, 17, 0.8305039999999999
X, 0, 26, 18, 1.52693
X, 1, 26, 18, 1.5007300000000001
X, 2, 26, 18, 1.52251
X, 3, 26, 18, 1.48706
X, 4, 26, 18, 1.51189
X, 5, 26, 18, 1.69315
X, 6, 26, 18, 1.64387
X, 7, 26, 18, 1.6070200000000001
X, 8, 26, 18, 1.40551
X, 9, 26, 18, 1.52589
X, 10, 26, 18, 1.4492800000000001
X, 11, 26, 18, 1.46843
X, 12, 26, 18, 1.4413200000000002
X, 13, 26, 18, 1.75198
X, 14, 26, 18, 1.37313
X, 15, 26, 18, 1.4777599999999997
X, 16, 26, 18, 1.37548
X, 17, 26, 18, 1.44768
X, 0, 27, 10, 1.479
X, 1, 27, 10, 1.45548
X, 2, 27, 10, 1.4437
X, 3, 27, 10, 1.43563
X, 4, 27, 10, 1.42532
X, 5, 27, 10, 1.43043
X, 6, 27, 10, 1.44491
X, 7, 27, 10, 1.4452699999999998
X, 8, 27, 10, 1.43776
X, 9, 27, 10, 1.4162000000000001
X, 0, 27, 11, 1.5011700000000001
X, 1, 27, 11, 1.4793100000000001
X, 2, 27, 11, 1.46417
X, 3, 27, 11, 1.45594
X, 4, 27, 11, 1.43937
X, 5, 27, 11, 1.4430100000000001
X, 6, 27, 11, 1.46151
X, 7, 27, 11, 1.48606
X, 8, 27, 11, 1.44837
X, 9, 27, 11, 1.43182
X, 10, 27, 11, 1.42196
X, 0, 27, 12, 1.5473899999999998
X, 1, 27, 12, 1.5376999999999998
X, 2, 27, 12, 1.50363
X, 3, 27, 12, 1.49637
X, 4, 27, 12, 1.51209
X, 5, 27, 12, 1.51592
X, 6, 27, 12, 1.53634
X, 7, 27, 12, 1.5199699999999998
X, 8, 27, 12, 1.4926100000000002
X, 9, 27, 12, 1.48257
X, 10, 27, 12, 1.47606
X, 11, 27, 12, 1.46087
X, 0, 27, 13, 1.53867
X, 1, 27, 13, 1.61755
X, 2, 27, 13, 1.49069
X, 3, 27, 13, 1.4946400000000002
X, 4, 27, 13, 2.15075
X, 5, 27, 13, 1.51055
X, 6, 27, 13, 1.49806
X, 7, 27, 13, 1.51234
X, 8, 27, 13, 1.49404
X, 9, 27, 13, 1.47097
X, 10, 27, 13, 1.59636
X, 11, 27, 13, 1.47057
X, 12, 27, 13, 1.4751800000000002
X, 0, 27, 14, 1.53771
X, 1, 27, 14, 1.54974
X, 2, 27, 14, 1.49017
X, 3, 27, 14, 1.48212
X, 4, 27, 14, 1.4989000000000001
X, 5, 27, 14, 1.5206600000000001
X, 6, 27, 14, 1.49275
X, 7, 27, 14, 1.5085799999999998
X, 8, 27, 14, 1.47849
X, 9, 27, 14, 1.47289
X, 10, 27, 14, 1.4684700000000002
X, 11, 27, 14, 1.47522
X, 12, 27, 14, 1.47039
X, 13, 27, 14, 1.46045
X, 0, 27, 15, 1.59881
X, 1, 27, 15, 1.56787
X, 2, 27, 15, 1.56053
X, 3, 27, 15, 1.53563
X, 4, 27, 15, 1.5582399999999998
X, 5, 27, 15, 1.5807499999999999
X, 6, 27, 15, 1.5852099999999998
X, 7, 27, 15, 1.57814
X, 8, 27, 15, 1.5312000000000001
X, 9, 27, 15, 1.5221000000000002
X, 10, 27, 15, 1.51282
X, 11, 27, 15, 1.5137800000000001
X, 12, 27, 15, 1.50396
X, 13, 27, 15, 1.5081499999999999
X, 14, 27, 15, 1.50095
X, 0, 27, 16, 1.6628
X, 1, 27, 16, 1.63714
X, 2, 27, 16, 1.6211000000000002
X, 3, 27, 16, 1.6056
X, 4, 27, 16, 1.6375000000000002
X, 5, 27, 16, 1.69871
X, 6, 27, 16, 1.73263
X, 7, 27, 16, 1.6969100000000001
X, 8, 27, 16, 1.6281
X, 9, 27, 16, 1.60807
X, 10, 27, 16, 1.60022
X, 11, 27, 16, 1.58443
X, 12, 27, 16, 1.582
X, 13, 27, 16, 2.2017700000000002
X, 14, 27, 16, 1.59111
X, 15, 27, 16, 1.5571
X, 0, 27, 17, 1.71399
X, 1, 27, 17, 1.6718
X, 2, 27, 17, 1.6406499999999997
X, 3, 27, 17, 1.6417000000000002
X, 4, 27, 17, 1.6758799999999998
X, 5, 27, 17, 1.7260900000000001
X, 6, 27, 17, 1.7453199999999998
X, 7, 27, 17, 1.71176
X, 8, 27, 17, 1.65835
X, 9, 27, 17, 1.6336
X, 10, 27, 17, 1.62531
X, 11, 27, 17, 1.6427900000000002
X, 12, 27, 17, 1.61292
X, 13, 27, 17, 1.59354
X, 14, 27, 17, 1.61388
X, 15, 27, 17, 1.62379
X, 16, 27, 17, 1.6045
X, 0, 27, 18, 2.83919
X, 1, 27, 18, 2.8828199999999997
X, 2, 27, 18, 2.8956399999999998
X, 3, 27, 18, 2.79399
X, 4, 27, 18, 2.9820200000000003
X, 5, 27, 18, 3.0645499999999997
X, 6, 27, 18, 3.0069800000000004
X, 7, 27, 18, 2.97738
X, 8, 27, 18, 2.7839199999999997
X, 9, 27, 18, 2.81539
X, 10, 27, 18, 2.74376
X, 11, 27, 18, 2.7419
X, 12, 27, 18, 2.67004
X, 13, 27, 18, 2.7383
X, 14, 27, 18, 2.76864
X, 15, 27, 18, 2.80143
X, 16, 27, 18, 2.6955899999999997
X, 17, 27, 18, 2.7443099999999996
RX, 0, 24, 10, 0.8081729999999999
RX, 1, 24, 10, 0.772548
RX, 2, 24, 10, 0.753762
RX, 3, 24, 10, 0.75683
RX, 4, 24, 10, 0.756555
RX, 5, 24, 10, 0.7670370000000001
RX, 6, 24, 10, 0.757071
RX, 7, 24, 10, 0.763628
RX, 8, 24, 10, 0.768452
RX, 9, 24, 10, 0.7657559999999999
RX, 0, 24, 11, 0.9937210000000002
RX, 1, 24, 11, 0.790225
RX, 2, 24, 11, 0.776309
RX, 3, 24, 11, 0.7941549999999999
RX, 4, 24, 11, 0.760123
RX, 5, 24, 11, 0.771175
RX, 6, 24, 11, 0.770142
RX, 7, 24, 11, 0.7787160000000001
RX, 8, 24, 11, 0.7709900000000001
RX, 9, 24, 11, 0.774721
RX, 10, 24, 11, 0.81737
RX, 0, 24, 12, 0.8213959999999999
RX, 1, 24, 12, 0.785756
RX, 2, 24, 12, 0.763975
RX, 3, 24, 12, 0.76283
RX, 4, 24, 12, 0.7661840000000001
RX, 5, 24, 12, 0.7832160000000001
RX, 6, 24, 12, 0.779266
RX, 7, 24, 12, 0.783081
RX, 8, 24, 12, 0.788971
RX, 9, 24, 12, 0.781223
RX, 10, 24, 12, 0.780361
RX, 11, 24, 12, 0.831924
RX, 0, 24, 13, 0.8396480000000001
RX, 1, 24, 13, 0.917318
RX, 2, 24, 13, 0.7740850000000001
RX, 3, 24, 13, 0.9876709999999999
RX, 4, 24, 13, 0.781178
RX, 5, 24, 13, 0.949805
RX, 6, 24, 13, 0.957962
RX, 7, 24, 13, 0.78677
RX, 8, 24, 13, 0.7836369999999999
RX, 9, 24, 13, 0.7779590000000001
RX, 10, 24, 13, 0.779241
RX, 11, 24, 13, 0.778356
RX, 12, 24, 13, 0.77986
RX, 0, 24, 14, 0.823465
RX, 1, 24, 14, 0.87504
RX, 2, 24, 14, 0.7684989999999999
RX, 3, 24, 14, 0.777843
RX, 4, 24, 14, 0.895826
RX, 5, 24, 14, 0.778698
RX, 6, 24, 14, 0.786367
RX, 7, 24, 14, 0.788794
RX, 8, 24, 14, 0.7877330000000001
RX, 9, 24, 14, 0.7862239999999999
RX, 10, 24, 14, 0.784763
RX, 11, 24, 14, 0.783117
RX, 12, 24, 14, 0.786933
RX, 13, 24, 14, 0.788124
RX, 0, 24, 15, 0.810785
RX, 1, 24, 15, 0.785483
RX, 2, 24, 15, 0.771619
RX, 3, 24, 15, 0.7724420000000001
RX, 4, 24, 15, 0.806053
RX, 5, 24, 15, 0.813196
RX, 6, 24, 15, 0.805712
RX, 7, 24, 15, 0.833043
RX, 8, 24, 15, 0.791885
RX, 9, 24, 15, 0.794662
RX, 10, 24, 15, 0.7903789999999999
RX, 11, 24, 15, 0.800388
RX, 12, 24, 15, 0.783105
RX, 13, 24, 15, 0.7914119999999999
RX, 14, 24, 15, 0.7935749999999999
RX, 0, 24, 16, 0.8293250000000001
RX, 1, 24, 16, 0.7940579999999999
RX, 2, 24, 16, 0.77632
RX, 3, 24, 16, 0.785995
RX, 4, 24, 16, 0.786011
RX, 5, 24, 16, 0.7991579999999999
RX, 6, 24, 16, 0.813358
RX, 7, 24, 16, 0.8066049999999999
RX, 8, 24, 16, 0.7949789999999999
RX, 9, 24, 16, 0.7918890000000001
RX, 10, 24, 16, 0.7980750000000001
RX, 11, 24, 16, 0.788197
RX, 12, 24, 16, 0.7881530000000001
RX, 13, 24, 16, 0.7909160000000001
RX, 14, 24, 16, 0.794281
RX, 15, 24, 16, 0.790806
RX, 0, 24, 17, 0.9965759999999999
RX, 1, 24, 17, 0.820921
RX, 2, 24, 17, 0.798595
RX, 3, 24, 17, 0.787292
RX, 4, 24, 17, 0.803006
RX, 5, 24, 17, 0.8178829999999999
RX, 6, 24, 17, 0.8213349999999999
RX, 7, 24, 17, 0.810285
RX, 8, 24, 17, 0.8011010000000001
RX, 9, 24, 17, 0.819492
RX, 10, 24, 17, 0.794912
RX, 11, 24, 17, 0.806486
RX, 12, 24, 17, 0.79667
RX, 13, 24, 17, 0.811863
RX, 14, 24, 17, 0.829331
RX, 15, 24, 17, 0.862638
RX, 16, 24, 17, 0.794507
RX, 0, 24, 18, 1.04547
RX, 1, 24, 18, 1.05877
RX, 2, 24, 18, 1.04383
RX, 3, 24, 18, 1.0415699999999999
RX, 4, 24, 18, 1.03685
RX, 5, 24, 18, 1.16147
RX, 6, 24, 18, 1.13328
RX, 7, 24, 18, 1.0958700000000001
RX, 8, 24, 18, 1.04289
RX, 9, 24, 18, 1.0231700000000001
RX, 10, 24, 18, 1.03886
RX, 11, 24, 18, 1.03427
RX, 12, 24, 18, 1.04974
RX, 13, 24, 18, 1.04291
RX, 14, 24, 18, 1.05758
RX, 15, 24, 18, 1.0447199999999999
RX, 16, 24, 18, 1.03257
RX, 17, 24, 18, 1.0541800000000001
RX, 0, 25, 10, 1.5481900000000002
RX, 1, 25, 10, 1.48653
RX, 2, 25, 10, 1.46819
RX, 3, 25, 10, 1.4554
RX, 4, 25, 10, 1.6783
RX, 5, 25, 10, 1.4541100000000002
RX, 6, 25, 10, 1.4868700000000001
RX, 7, 25, 10, 1.5165600000000001
RX, 8, 25, 10, 1.46435
RX, 9, 25, 10, 1.49627
RX, 0, 25, 11, 1.57541
RX, 1, 25, 11, 1.51536
RX, 2, 25, 11, 1.47453
RX, 3, 25, 11, 1.46868
RX, 4, 25, 11, 1.4530699999999999
RX, 5, 25, 11, 1.45612
RX, 6, 25, 11, 1.47392
RX, 7, 25, 11, 1.47589
RX, 8, 25, 11, 1.4754999999999998
RX, 9, 25, 11, 1.5506300000000002
RX, 10, 25, 11, 1.4965300000000001
RX, 0, 25, 12, 1.55981
RX, 1, 25, 12, 1.49986
RX, 2, 25, 12, 1.5780399999999999
RX, 3, 25, 12, 1.4660799999999998
RX, 4, 25, 12, 1.4842
RX, 5, 25, 12, 1.5240000000000002
RX, 6, 25, 12, 1.50983
RX, 7, 25, 12, 1.5628300000000002
RX, 8, 25, 12, 1.51081
RX, 9, 25, 12, 1.50589
RX, 10, 25, 12, 1.50829
RX, 11, 25, 12, 1.51267
RX, 0, 25, 13, 1.6024699999999998
RX, 1, 25, 13, 1.85557
RX, 2, 25, 13, 1.48081
RX, 3, 25, 13, 1.4868400000000002
RX, 4, 25, 13, 1.5072199999999998
RX, 5, 25, 13, 1.50729
RX, 6, 25, 13, 1.51335
RX, 7, 25, 13, 1.6048499999999999
RX, 8, 25, 13, 1.5645600000000002
RX, 9, 25, 13, 1.50776
RX, 10, 25, 13, 1.50744
RX, 11, 25, 13, 1.51374
RX, 12, 25, 13, 1.4995500000000002
RX, 0, 25, 14, 1.5600399999999999
RX, 1, 25, 14, 1.5132
RX, 2, 25, 14, 1.4741499999999998
RX, 3, 25, 14, 1.4788499999999998
RX, 4, 25, 14, 1.48875
RX, 5, 25, 14, 1.52688
RX, 6, 25, 14, 1.6537499999999998
RX, 7, 25, 14, 1.53421
RX, 8, 25, 14, 1.50478
RX, 9, 25, 14, 1.5010499999999998
RX, 10, 25, 14, 1.6790399999999999
RX, 11, 25, 14, 1.50134
RX, 12, 25, 14, 1.50304
RX, 13, 25, 14, 1.50156
RX, 0, 25, 15, 1.5656700000000001
RX, 1, 25, 15, 1.5195500000000002
RX, 2, 25, 15, 1.4989700000000001
RX, 3, 25, 15, 1.48062
RX, 4, 25, 15, 1.49785
RX, 5, 25, 15, 1.52204
RX, 6, 25, 15, 1.86148
RX, 7, 25, 15, 1.82711
RX, 8, 25, 15, 1.54385
RX, 9, 25, 15, 1.5245800000000003
RX, 10, 25, 15, 1.58429
RX, 11, 25, 15, 1.5134500000000002
RX, 12, 25, 15, 1.51771
RX, 13, 25, 15, 1.51397
RX, 14, 25, 15, 1.5217800000000001
RX, 0, 25, 16, 1.56697
RX, 1, 25, 16, 1.52146
RX, 2, 25, 16, 1.49389
RX, 3, 25, 16, 1.48865
RX, 4, 25, 16, 1.5206600000000001
RX, 5, 25, 16, 1.5464300000000002
RX, 6, 25, 16, 1.56609
RX, 7, 25, 16, 1.5560299999999998
RX, 8, 25, 16, 1.5479699999999998
RX, 9, 25, 16, 1.5309100000000002
RX, 10, 25, 16, 1.53029
RX, 11, 25, 16, 1.53466
RX, 12, 25, 16, 1.5262899999999997
RX, 13, 25, 16, 1.52589
RX, 14, 25, 16, 1.52733
RX, 15, 25, 16, 1.5312999999999999
RX, 0, 25, 17, 1.5957299999999999
RX, 1, 25, 17, 1.53316
RX, 2, 25, 17, 1.5037800000000001
RX, 3, 25, 17, 1.5384900000000001
RX, 4, 25, 17, 1.52582
RX, 5, 25, 17, 1.57133
RX, 6, 25, 17, 1.59134
RX, 7, 25, 17, 1.56097
RX, 8, 25, 17, 1.57199
RX, 9, 25, 17, 1.54067
RX, 10, 25, 17, 1.5428600000000001
RX, 11, 25, 17, 1.53722
RX, 12, 25, 17, 1.54123
RX, 13, 25, 17, 1.53829
RX, 14, 25, 17, 1.5521999999999998
RX, 15, 25, 17, 1.5348800000000002
RX, 16, 25, 17, 1.53142
RX, 0, 25, 18, 2.0046299999999997
RX, 1, 25, 18, 1.97255
RX, 2, 25, 18, 1.9400700000000002
RX, 3, 25, 18, 1.93169
RX, 4, 25, 18, 2.02491
RX, 5, 25, 18, 2.24133
RX, 6, 25, 18, 2.2198700000000002
RX, 7, 25, 18, 2.16658
RX, 8, 25, 18, 1.9531800000000001
RX, 9, 25, 18, 1.9834699999999998
RX, 10, 25, 18, 2.01977
RX, 11, 25, 18, 1.9851299999999998
RX, 12, 25, 18, 1.97532
RX, 13, 25, 18, 2.00789
RX, 14, 25, 18, 2.0112799999999997
RX, 15, 25, 18, 2.00756
RX, 16, 25, 18, 2.00683
RX, 17, 25, 18, 1.99424
RX, 0, 26, 10, 3.03911
RX, 1, 26, 10, 2.9135
RX, 2, 26, 10, 2.85768
RX, 3, 26, 10, 2.86561
RX, 4, 26, 10, 2.93267
RX, 5, 26, 10, 2.82198
RX, 6, 26, 10, 2.84288
RX, 7, 26, 10, 2.85213
RX, 8, 26, 10, 3.01155
RX, 9, 26, 10, 2.9294900000000004
RX, 0, 26, 11, 3.1432700000000002
RX, 1, 26, 11, 2.9121000000000006
RX, 2, 26, 11, 2.8721600000000005
RX, 3, 26, 11, 2.8523199999999997
RX, 4, 26, 11, 2.8293000000000004
RX, 5, 26, 11, 2.8807700000000005
RX, 6, 26, 11, 2.88364
RX, 7, 26, 11, 2.8934300000000004
RX, 8, 26, 11, 2.89267
RX, 9, 26, 11, 2.9167799999999997
RX, 10, 26, 11, 2.96833
RX, 0, 26, 12, 3.13359
RX, 1, 26, 12, 3.0778100000000004
RX, 2, 26, 12, 2.90626
RX, 3, 26, 12, 2.86845
RX, 4, 26, 12, 2.9158099999999996
RX, 5, 26, 12, 2.98379
RX, 6, 26, 12, 3.01979
RX, 7, 26, 12, 3.0126199999999996
RX, 8, 26, 12, 3.27456
RX, 9, 26, 12, 2.95438
RX, 10, 26, 12, 2.95841
RX, 11, 26, 12, 2.97112
RX, 0, 26, 13, 3.18284
RX, 1, 26, 13, 2.9269499999999997
RX, 2, 26, 13, 2.88379
RX, 3, 26, 13, 2.8812
RX, 4, 26, 13, 2.9018
RX, 5, 26, 13, 2.95836
RX, 6, 26, 13, 3.06419
RX, 7, 26, 13, 2.9809300000000003
RX, 8, 26, 13, 2.96698
RX, 9, 26, 13, 2.9456399999999996
RX, 10, 26, 13, 2.96311
RX, 11, 26, 13, 2.95542
RX, 12, 26, 13, 2.93787
RX, 0, 26, 14, 3.12217
RX, 1, 26, 14, 2.9383399999999997
RX, 2, 26, 14, 2.95267
RX, 3, 26, 14, 2.8595599999999997
RX, 4, 26, 14, 2.90535
RX, 5, 26, 14, 2.9511900000000004
RX, 6, 26, 14, 2.97051
RX, 7, 26, 14, 2.97518
RX, 8, 26, 14, 3.0930600000000004
RX, 9, 26, 14, 2.95715
RX, 10, 26, 14, 2.99016
RX, 11, 26, 14, 2.95584
RX, 12, 26, 14, 2.94963
RX, 13, 26, 14, 2.9707899999999996
RX, 0, 26, 15, 3.04558
RX, 1, 26, 15, 2.94762
RX, 2, 26, 15, 2.8913800000000003
RX, 3, 26, 15, 2.94735
RX, 4, 26, 15, 2.9273
RX, 5, 26, 15, 2.98036
RX, 6, 26, 15, 3.0087099999999998
RX, 7, 26, 15, 2.9979899999999997
RX, 8, 26, 15, 2.9743000000000004
RX, 9, 26, 15, 2.9734800000000003
RX, 10, 26, 15, 2.9829399999999997
RX, 11, 26, 15, 2.9705500000000002
RX, 12, 26, 15, 2.99244
RX, 13, 26, 15, 2.97344
RX, 14, 26, 15, 2.9768299999999996
RX, 0, 26, 16, 3.07508
RX, 1, 26, 16, 2.99852
RX, 2, 26, 16, 2.95006
RX, 3, 26, 16, 2.92354
RX, 4, 26, 16, 2.9717
RX, 5, 26, 16, 3.0198899999999997
RX, 6, 26, 16, 3.07112
RX, 7, 26, 16, 3.0497600000000005
RX, 8, 26, 16, 3.0133300000000003
RX, 9, 26, 16, 3.00955
RX, 10, 26, 16, 3.0907
RX, 11, 26, 16, 3.01659
RX, 12, 26, 16, 3.00585
RX, 13, 26, 16, 2.9973
RX, 14, 26, 16, 3.0008600000000003
RX, 15, 26, 16, 2.99255
RX, 0, 26, 17, 3.12478
RX, 1, 26, 17, 2.9902499999999996
RX, 2, 26, 17, 2.9696499999999997
RX, 3, 26, 17, 2.93026
RX, 4, 26, 17, 2.9968299999999997
RX, 5, 26, 17, 3.0387399999999998
RX, 6, 26, 17, 3.07604
RX, 7, 26, 17, 3.0592999999999995
RX, 8, 26, 17, 3.02563
RX, 9, 26, 17, 3.0128899999999996
RX, 10, 26, 17, 3.0104399999999996
RX, 11, 26, 17, 3.04178
RX, 12, 26, 17, 3.02732
RX, 13, 26, 17, 3.0197400000000005
RX, 14, 26, 17, 3.01643
RX, 15, 26, 17, 3.0160599999999995
RX, 16, 26, 17, 3.0144
RX, 0, 26, 18, 4.02792
RX, 1, 26, 18, 3.9401699999999997
RX, 2, 26, 18, 3.79188
RX, 3, 26, 18, 3.73741
RX, 4, 26, 18, 4.0786299999999995
RX, 5, 26, 18, 4.56788
RX, 6, 26, 18, 4.28756
RX, 7, 26, 18, 4.177950000000001
RX, 8, 26, 18, 3.78539
RX, 9, 26, 18, 3.8498799999999997
RX, 10, 26, 18, 3.9737299999999998
RX, 11, 26, 18, 4.07883
RX, 12, 26, 18, 4.06154
RX, 13, 26, 18, 3.94307
RX, 14, 26, 18, 3.9625300000000006
RX, 15, 26, 18, 3.9520199999999996
RX, 16, 26, 18, 3.97462
RX, 17, 26, 18, 3.9674900000000006
RX, 0, 27, 10, 6.00615
RX, 1, 27, 10, 5.77318
RX, 2, 27, 10, 5.64812
RX, 3, 27, 10, 5.59924
RX, 4, 27, 10, 5.78489
RX, 5, 27, 10, 5.66481
RX, 6, 27, 10, 5.599189999999999
RX, 7, 27, 10, 5.64607
RX, 8, 27, 10, 5.76753
RX, 9, 27, 10, 5.797790000000001
RX, 0, 27, 11, 5.98712
RX, 1, 27, 11, 5.78821
RX, 2, 27, 11, 5.66947
RX, 3, 27, 11, 5.62411
RX, 4, 27, 11, 5.63376
RX, 5, 27, 11, 5.6232299999999995
RX, 6, 27, 11, 5.6897
RX, 7, 27, 11, 5.709009999999999
RX, 8, 27, 11, 5.76912
RX, 9, 27, 11, 5.763599999999999
RX, 10, 27, 11, 6.12509
RX, 0, 27, 12, 6.08403
RX, 1, 27, 12, 5.79889
RX, 2, 27, 12, 5.76234
RX, 3, 27, 12, 5.73478
RX, 4, 27, 12, 6.91421
RX, 5, 27, 12, 5.8421
RX, 6, 27, 12, 5.89013
RX, 7, 27, 12, 5.89923
RX, 8, 27, 12, 5.9136999999999995
RX, 9, 27, 12, 5.83475
RX, 10, 27, 12, 5.9364
RX, 11, 27, 12, 5.853800000000001
RX, 0, 27, 13, 6.01557
RX, 1, 27, 13, 5.79979
RX, 2, 27, 13, 5.67525
RX, 3, 27, 13, 5.71749
RX, 4, 27, 13, 5.75867
RX, 5, 27, 13, 5.86097
RX, 6, 27, 13, 5.8587299999999995
RX, 7, 27, 13, 5.89311
RX, 8, 27, 13, 5.870100000000001
RX, 9, 27, 13, 5.8618999999999994
RX, 10, 27, 13, 5.865550000000001
RX, 11, 27, 13, 5.840379999999999
RX, 12, 27, 13, 5.913209999999999
RX, 0, 27, 14, 5.9989099999999995
RX, 1, 27, 14, 5.79948
RX, 2, 27, 14, 5.68727
RX, 3, 27, 14, 5.71911
RX, 4, 27, 14, 5.77072
RX, 5, 27, 14, 5.827719999999999
RX, 6, 27, 14, 5.8644099999999995
RX, 7, 27, 14, 5.88825
RX, 8, 27, 14, 5.86641
RX, 9, 27, 14, 5.87366
RX, 10, 27, 14, 5.858029999999999
RX, 11, 27, 14, 5.846900000000001
RX, 12, 27, 14, 5.8445800000000006
RX, 13, 27, 14, 5.8507299999999995
RX, 0, 27, 15, 6.0063699999999995
RX, 1, 27, 15, 5.893009999999999
RX, 2, 27, 15, 6.816529999999999
RX, 3, 27, 15, 5.7565599999999995
RX, 4, 27, 15, 5.81539
RX, 5, 27, 15, 5.90682
RX, 6, 27, 15, 5.93118
RX, 7, 27, 15, 5.95038
RX, 8, 27, 15, 5.9124099999999995
RX, 9, 27, 15, 5.89066
RX, 10, 27, 15, 5.87386
RX, 11, 27, 15, 5.87188
RX, 12, 27, 15, 5.86583
RX, 13, 27, 15, 5.87522
RX, 14, 27, 15, 5.88349
RX, 0, 27, 16, 6.09889
RX, 1, 27, 16, 5.884580000000001
RX, 2, 27, 16, 5.7994900000000005
RX, 3, 27, 16, 5.76241
RX, 4, 27, 16, 5.8362300000000005
RX, 5, 27, 16, 5.9737599999999995
RX, 6, 27, 16, 6.064000000000001
RX, 7, 27, 16, 6.02953
RX, 8, 27, 16, 5.9674000000000005
RX, 9, 27, 16, 5.93502
RX, 10, 27, 16, 5.953329999999999
RX, 11, 27, 16, 5.93548
RX, 12, 27, 16, 5.930530000000001
RX, 13, 27, 16, 5.93538
RX, 14, 27, 16, 5.924080000000001
RX, 15, 27, 16, 5.914960000000001
RX, 0, 27, 17, 6.08268
RX, 1, 27, 17, 5.932180000000001
RX, 2, 27, 17, 5.847130000000001
RX, 3, 27, 17, 5.833139999999999
RX, 4, 27, 17, 5.90235
RX, 5, 27, 17, 5.99453
RX, 6, 27, 17, 6.0783499999999995
RX, 7, 27, 17, 6.04082
RX, 8, 27, 17, 5.99257
RX, 9, 27, 17, 6.022320000000001
RX, 10, 27, 17, 5.96342
RX, 11, 27, 17, 5.97112
RX, 12, 27, 17, 5.971889999999999
RX, 13, 27, 17, 5.98544
RX, 14, 27, 17, 5.96301
RX, 15, 27, 17, 5.93079
RX, 16, 27, 17, 5.960839999999999
RX, 0, 27, 18, 7.77833
RX, 1, 27, 18, 7.75698
RX, 2, 27, 18, 7.72836
RX, 3, 27, 18, 7.47046
RX, 4, 27, 18, 7.77339
RX, 5, 27, 18, 8.77313
RX, 6, 27, 18, 8.546080000000002
RX, 7, 27, 18, 8.31325
RX, 8, 27, 18, 7.711200000000001
RX, 9, 27, 18, 7.4808699999999995
RX, 10, 27, 18, 7.54944
RX, 11, 27, 18, 7.75393
RX, 12, 27, 18, 7.760820000000001
RX, 13, 27, 18, 8.101560000000001
RX, 14, 27, 18, 7.66357
RX, 15, 27, 18, 7.55366
RX, 16, 27, 18, 7.88877
RX, 17, 27, 18, 7.76586
RY, 0, 24, 10, 0.812943
RY, 1, 24, 10, 0.773971
RY, 2, 24, 10, 0.882303
RY, 3, 24, 10, 0.771862
RY, 4, 24, 10, 0.7536039999999999
RY, 5, 24, 10, 0.7554080000000001
RY, 6, 24, 10, 0.765687
RY, 7, 24, 10, 0.766944
RY, 8, 24, 10, 0.775342
RY, 9, 24, 10, 0.7817670000000001
RY, 0, 24, 11, 0.816906
RY, 1, 24, 11, 0.8231769999999999
RY, 2, 24, 11, 0.7756390000000001
RY, 3, 24, 11, 0.760947
RY, 4, 24, 11, 0.75827
RY, 5, 24, 11, 0.7692340000000001
RY, 6, 24, 11, 0.767524
RY, 7, 24, 11, 0.764639
RY, 8, 24, 11, 0.779363
RY, 9, 24, 11, 0.775799
RY, 10, 24, 11, 0.7961659999999999
RY, 0, 24, 12, 0.836639
RY, 1, 24, 12, 0.808661
RY, 2, 24, 12, 0.780338
RY, 3, 24, 12, 0.7671500000000001
RY, 4, 24, 12, 0.7726339999999999
RY, 5, 24, 12, 0.785634
RY, 6, 24, 12, 0.798233
RY, 7, 24, 12, 0.795389
RY, 8, 24, 12, 0.7879569999999999
RY, 9, 24, 12, 0.7860240000000001
RY, 10, 24, 12, 0.7787099999999999
RY, 11, 24, 12, 0.786253
RY, 0, 24, 13, 0.8209339999999999
RY, 1, 24, 13, 0.7791030000000001
RY, 2, 24, 13, 0.7734249999999999
RY, 3, 24, 13, 0.776887
RY, 4, 24, 13, 0.769254
RY, 5, 24, 13, 0.7794909999999999
RY, 6, 24, 13, 0.784515
RY, 7, 24, 13, 0.782164
RY, 8, 24, 13, 0.817276
RY, 9, 24, 13, 0.9192839999999999
RY, 10, 24, 13, 0.795096
RY, 11, 24, 13, 0.792168
RY, 12, 24, 13, 0.7947519999999999
RY, 0, 24, 14, 0.812626
RY, 1, 24, 14, 0.783089
RY, 2, 24, 14, 0.7802960000000001
RY, 3, 24, 14, 0.771799
RY, 4, 24, 14, 0.790269
RY, 5, 24, 14, 0.833755
RY, 6, 24, 14, 0.80452
RY, 7, 24, 14, 0.793275
RY, 8, 24, 14, 0.802666
RY, 9, 24, 14, 0.780187
RY, 10, 24, 14, 0.781039
RY, 11, 24, 14, 0.795844
RY, 12, 24, 14, 0.782596
RY, 13, 24, 14, 0.776839
RY, 0, 24, 15, 1.20548
RY, 1, 24, 15, 0.784464
RY, 2, 24, 15, 0.7814889999999999
RY, 3, 24, 15, 0.768148
RY, 4, 24, 15, 0.782011
RY, 5, 24, 15, 0.7991570000000001
RY, 6, 24, 15, 0.79542
RY, 7, 24, 15, 0.793775
RY, 8, 24, 15, 0.789592
RY, 9, 24, 15, 0.788373
RY, 10, 24, 15, 0.7896699999999999
RY, 11, 24, 15, 0.791052
RY, 12, 24, 15, 0.7820689999999999
RY, 13, 24, 15, 0.781129
RY, 14, 24, 15, 0.792821
RY, 0, 24, 16, 0.8246340000000001
RY, 1, 24, 16, 0.8167460000000001
RY, 2, 24, 16, 0.8536090000000001
RY, 3, 24, 16, 0.779055
RY, 4, 24, 16, 0.792578
RY, 5, 24, 16, 0.8030539999999999
RY, 6, 24, 16, 0.8138960000000001
RY, 7, 24, 16, 0.8134039999999999
RY, 8, 24, 16, 0.8034560000000001
RY, 9, 24, 16, 0.813944
RY, 10, 24, 16, 0.790032
RY, 11, 24, 16, 0.7920570000000001
RY, 12, 24, 16, 0.799873
RY, 13, 24, 16, 0.7916059999999999
RY, 14, 24, 16, 0.784205
RY, 15, 24, 16, 0.806695
RY, 0, 24, 17, 0.826614
RY, 1, 24, 17, 0.796417
RY, 2, 24, 17, 0.7959439999999999
RY, 3, 24, 17, 0.7795420000000001
RY, 4, 24, 17, 0.8044800000000001
RY, 5, 24, 17, 0.8109289999999999
RY, 6, 24, 17, 0.814314
RY, 7, 24, 17, 0.8247089999999999
RY, 8, 24, 17, 0.810261
RY, 9, 24, 17, 0.805006
RY, 10, 24, 17, 0.801451
RY, 11, 24, 17, 0.804947
RY, 12, 24, 17, 0.7915270000000001
RY, 13, 24, 17, 0.811745
RY, 14, 24, 17, 0.804442
RY, 15, 24, 17, 0.805842
RY, 16, 24, 17, 0.7926329999999999
RY, 0, 24, 18, 1.08792
RY, 1, 24, 18, 1.02698
RY, 2, 24, 18, 1.0399999999999998
RY, 3, 24, 18, 1.04705
RY, 4, 24, 18, 1.04642
RY, 5, 24, 18, 1.15612
RY, 6, 24, 18, 1.1461100000000002
RY, 7, 24, 18, 1.10059
RY, 8, 24, 18, 1.06648
RY, 9, 24, 18, 1.0524200000000001
RY, 10, 24, 18, 1.05363
RY, 11, 24, 18, 1.04322
RY, 12, 24, 18, 1.06595
RY, 13, 24, 18, 1.06824
RY, 14, 24, 18, 1.05847
RY, 15, 24, 18, 1.05037
RY, 16, 24, 18, 1.0437400000000001
RY, 17, 24, 18, 1.0482799999999999
RY, 0, 25, 10, 1.54894
RY, 1, 25, 10, 1.49599
RY, 2, 25, 10, 1.4749499999999998
RY, 3, 25, 10, 1.4591299999999998
RY, 4, 25, 10, 1.4383000000000001
RY, 5, 25, 10, 1.43663
RY, 6, 25, 10, 1.4560600000000001
RY, 7, 25, 10, 1.4631699999999999
RY, 8, 25, 10, 1.48659
RY, 9, 25, 10, 1.4842099999999998
RY, 0, 25, 11, 1.56588
RY, 1, 25, 11, 1.50258
RY, 2, 25, 11, 1.6775799999999998
RY, 3, 25, 11, 1.50582
RY, 4, 25, 11, 1.45145
RY, 5, 25, 11, 1.46458
RY, 6, 25, 11, 1.7432
RY, 7, 25, 11, 1.61312
RY, 8, 25, 11, 1.47467
RY, 9, 25, 11, 1.47999
RY, 10, 25, 11, 1.50278
RY, 0, 25, 12, 1.62718
RY, 1, 25, 12, 1.5043000000000002
RY, 2, 25, 12, 1.47694
RY, 3, 25, 12, 1.46878
RY, 4, 25, 12, 1.5021000000000002
RY, 5, 25, 12, 1.52032
RY, 6, 25, 12, 1.5187899999999999
RY, 7, 25, 12, 1.52279
RY, 8, 25, 12, 1.51235
RY, 9, 25, 12, 1.5110100000000002
RY, 10, 25, 12, 1.50567
RY, 11, 25, 12, 1.51253
RY, 0, 25, 13, 1.5593199999999998
RY, 1, 25, 13, 1.50011
RY, 2, 25, 13, 1.4737
RY, 3, 25, 13, 1.52195
RY, 4, 25, 13, 1.50142
RY, 5, 25, 13, 1.51237
RY, 6, 25, 13, 1.5287899999999999
RY, 7, 25, 13, 1.53579
RY, 8, 25, 13, 1.5344600000000002
RY, 9, 25, 13, 1.51669
RY, 10, 25, 13, 1.5118400000000003
RY, 11, 25, 13, 1.5054500000000002
RY, 12, 25, 13, 1.50502
RY, 0, 25, 14, 1.55307
RY, 1, 25, 14, 1.51841
RY, 2, 25, 14, 1.4671999999999998
RY, 3, 25, 14, 1.46432
RY, 4, 25, 14, 1.50598
RY, 5, 25, 14, 1.50883
RY, 6, 25, 14, 1.5257299999999998
RY, 7, 25, 14, 1.5445600000000002
RY, 8, 25, 14, 1.77829
RY, 9, 25, 14, 1.5203499999999999
RY, 10, 25, 14, 1.52725
RY, 11, 25, 14, 1.51288
RY, 12, 25, 14, 1.7596800000000001
RY, 13, 25, 14, 1.75366
RY, 0, 25, 15, 1.5983800000000001
RY, 1, 25, 15, 1.62883
RY, 2, 25, 15, 1.4976800000000001
RY, 3, 25, 15, 1.4721699999999998
RY, 4, 25, 15, 1.50908
RY, 5, 25, 15, 1.5229699999999997
RY, 6, 25, 15, 1.5296299999999998
RY, 7, 25, 15, 1.5459800000000001
RY, 8, 25, 15, 1.52586
RY, 9, 25, 15, 1.515
RY, 10, 25, 15, 1.52056
RY, 11, 25, 15, 1.5199299999999998
RY, 12, 25, 15, 1.5123300000000002
RY, 13, 25, 15, 1.5118
RY, 14, 25, 15, 1.52505
RY, 0, 25, 16, 1.56938
RY, 1, 25, 16, 1.6040899999999998
RY, 2, 25, 16, 1.48791
RY, 3, 25, 16, 1.5024799999999998
RY, 4, 25, 16, 2.20024
RY, 5, 25, 16, 2.21209
RY, 6, 25, 16, 1.55993
RY, 7, 25, 16, 1.54679
RY, 8, 25, 16, 1.55189
RY, 9, 25, 16, 1.55152
RY, 10, 25, 16, 1.53076
RY, 11, 25, 16, 1.52304
RY, 12, 25, 16, 1.52439
RY, 13, 25, 16, 1.5383
RY, 14, 25, 16, 1.53019
RY, 15, 25, 16, 1.5277699999999999
RY, 0, 25, 17, 1.5851199999999999
RY, 1, 25, 17, 1.52887
RY, 2, 25, 17, 1.50668
RY, 3, 25, 17, 1.4968400000000002
RY, 4, 25, 17, 1.64767
RY, 5, 25, 17, 1.57018
RY, 6, 25, 17, 1.5731600000000001
RY, 7, 25, 17, 1.55884
RY, 8, 25, 17, 1.5533700000000001
RY, 9, 25, 17, 1.7041700000000002
RY, 10, 25, 17, 1.5484000000000002
RY, 11, 25, 17, 1.59994
RY, 12, 25, 17, 1.53364
RY, 13, 25, 17, 1.54423
RY, 14, 25, 17, 1.55006
RY, 15, 25, 17, 1.54995
RY, 16, 25, 17, 1.5362600000000002
RY, 0, 25, 18, 2.05429
RY, 1, 25, 18, 2.03111
RY, 2, 25, 18, 1.97416
RY, 3, 25, 18, 2.0353
RY, 4, 25, 18, 2.0603100000000003
RY, 5, 25, 18, 2.31557
RY, 6, 25, 18, 2.2345300000000003
RY, 7, 25, 18, 2.14035
RY, 8, 25, 18, 1.97044
RY, 9, 25, 18, 2.0016700000000003
RY, 10, 25, 18, 1.9947999999999997
RY, 11, 25, 18, 2.0073399999999997
RY, 12, 25, 18, 2.0087099999999998
RY, 13, 25, 18, 2.12449
RY, 14, 25, 18, 2.0576399999999997
RY, 15, 25, 18, 2.1048199999999997
RY, 16, 25, 18, 2.00656
RY, 17, 25, 18, 2.01096
RY, 0, 26, 10, 3.02676
RY, 1, 26, 10, 2.9386
RY, 2, 26, 10, 2.8790500000000003
RY, 3, 26, 10, 2.8315
RY, 4, 26, 10, 2.8191800000000002
RY, 5, 26, 10, 2.8208499999999996
RY, 6, 26, 10, 2.8731
RY, 7, 26, 10, 2.85791
RY, 8, 26, 10, 3.02516
RY, 9, 26, 10, 2.93609
RY, 0, 26, 11, 3.0431299999999997
RY, 1, 26, 11, 4.1592899999999995
RY, 2, 26, 11, 2.87787
RY, 3, 26, 11, 2.8498400000000004
RY, 4, 26, 11, 2.8416
RY, 5, 26, 11, 2.86549
RY, 6, 26, 11, 2.88477
RY, 7, 26, 11, 2.8786
RY, 8, 26, 11, 2.89598
RY, 9, 26, 11, 2.90114
RY, 10, 26, 11, 2.91093
RY, 0, 26, 12, 3.1313999999999997
RY, 1, 26, 12, 2.95431
RY, 2, 26, 12, 2.95792
RY, 3, 26, 12, 2.89433
RY, 4, 26, 12, 2.92327
RY, 5, 26, 12, 2.9785899999999996
RY, 6, 26, 12, 2.96464
RY, 7, 26, 12, 2.9687300000000003
RY, 8, 26, 12, 2.95336
RY, 9, 26, 12, 2.95284
RY, 10, 26, 12, 2.9605599999999996
RY, 11, 26, 12, 2.9532399999999996
RY, 0, 26, 13, 3.04631
RY, 1, 26, 13, 2.93087
RY, 2, 26, 13, 2.89911
RY, 3, 26, 13, 2.8766599999999998
RY, 4, 26, 13, 2.9285699999999997
RY, 5, 26, 13, 2.9469499999999997
RY, 6, 26, 13, 2.96622
RY, 7, 26, 13, 2.9623899999999996
RY, 8, 26, 13, 2.9648600000000003
RY, 9, 26, 13, 2.99558
RY, 10, 26, 13, 2.95408
RY, 11, 26, 13, 3.0341
RY, 12, 26, 13, 2.9651899999999998
RY, 0, 26, 14, 3.04648
RY, 1, 26, 14, 2.95499
RY, 2, 26, 14, 2.88014
RY, 3, 26, 14, 2.8915200000000003
RY, 4, 26, 14, 2.96796
RY, 5, 26, 14, 2.9650700000000003
RY, 6, 26, 14, 2.96041
RY, 7, 26, 14, 2.9845300000000003
RY, 8, 26, 14, 2.96371
RY, 9, 26, 14, 2.9641800000000003
RY, 10, 26, 14, 2.95044
RY, 11, 26, 14, 2.96506
RY, 12, 26, 14, 3.0182300000000004
RY, 13, 26, 14, 2.94516
RY, 0, 26, 15, 3.04405
RY, 1, 26, 15, 2.93971
RY, 2, 26, 15, 2.89174
RY, 3, 26, 15, 2.89623
RY, 4, 26, 15, 2.94565
RY, 5, 26, 15, 2.98162
RY, 6, 26, 15, 3.0069800000000004
RY, 7, 26, 15, 3.12797
RY, 8, 26, 15, 2.98503
RY, 9, 26, 15, 2.97698
RY, 10, 26, 15, 2.9667399999999997
RY, 11, 26, 15, 2.97593
RY, 12, 26, 15, 2.97855
RY, 13, 26, 15, 2.9731099999999997
RY, 14, 26, 15, 2.96823
RY, 0, 26, 16, 3.08653
RY, 1, 26, 16, 2.97647
RY, 2, 26, 16, 2.96465
RY, 3, 26, 16, 2.9315200000000003
RY, 4, 26, 16, 2.97769
RY, 5, 26, 16, 3.0070799999999998
RY, 6, 26, 16, 3.0666700000000002
RY, 7, 26, 16, 3.0394300000000003
RY, 8, 26, 16, 3.0096800000000004
RY, 9, 26, 16, 3.0029299999999997
RY, 10, 26, 16, 2.9992
RY, 11, 26, 16, 2.9913499999999997
RY, 12, 26, 16, 3.00546
RY, 13, 26, 16, 3.0008
RY, 14, 26, 16, 2.99529
RY, 15, 26, 16, 2.9898599999999997
RY, 0, 26, 17, 3.09451
RY, 1, 26, 17, 3.0025
RY, 2, 26, 17, 2.94977
RY, 3, 26, 17, 2.9421500000000003
RY, 4, 26, 17, 2.9924600000000003
RY, 5, 26, 17, 3.05338
RY, 6, 26, 17, 3.0771100000000002
RY, 7, 26, 17, 3.0570799999999996
RY, 8, 26, 17, 3.02875
RY, 9, 26, 17, 3.01102
RY, 10, 26, 17, 3.0237000000000003
RY, 11, 26, 17, 3.00692
RY, 12, 26, 17, 3.02824
RY, 13, 26, 17, 4.2293
RY, 14, 26, 17, 3.01929
RY, 15, 26, 17, 2.99831
RY, 16, 26, 17, 3.01506
RY, 0, 26, 18, 4.0010699999999995
RY, 1, 26, 18, 3.92057
RY, 2, 26, 18, 3.77224
RY, 3, 26, 18, 3.8550800000000005
RY, 4, 26, 18, 4.003010000000001
RY, 5, 26, 18, 4.43496
RY, 6, 26, 18, 4.42788
RY, 7, 26, 18, 4.27951
RY, 8, 26, 18, 3.8309900000000003
RY, 9, 26, 18, 3.88326
RY, 10, 26, 18, 3.95907
RY, 11, 26, 18, 4.058610000000001
RY, 12, 26, 18, 4.08343
RY, 13, 26, 18, 4.02481
RY, 14, 26, 18, 4.05415
RY, 15, 26, 18, 3.9094
RY, 16, 26, 18, 3.93487
RY, 17, 26, 18, 3.91691
RY, 0, 27, 10, 6.007689999999999
RY, 1, 27, 10, 5.790610000000001
RY, 2, 27, 10, 5.68676
RY, 3, 27, 10, 5.612549999999999
RY, 4, 27, 10, 5.59414
RY, 5, 27, 10, 5.58456
RY, 6, 27, 10, 5.59983
RY, 7, 27, 10, 5.668119999999999
RY, 8, 27, 10, 5.7620499999999995
RY, 9, 27, 10, 5.791460000000001
RY, 0, 27, 11, 5.9962
RY, 1, 27, 11, 5.77408
RY, 2, 27, 11, 5.66983
RY, 3, 27, 11, 7.95625
RY, 4, 27, 11, 5.59543
RY, 5, 27, 11, 5.67544
RY, 6, 27, 11, 5.702749999999999
RY, 7, 27, 11, 5.71122
RY, 8, 27, 11, 5.82663
RY, 9, 27, 11, 5.77407
RY, 10, 27, 11, 5.7823
RY, 0, 27, 12, 6.01406
RY, 1, 27, 12, 5.79582
RY, 2, 27, 12, 5.71595
RY, 3, 27, 12, 5.8684899999999995
RY, 4, 27, 12, 5.78402
RY, 5, 27, 12, 5.83891
RY, 6, 27, 12, 5.85679
RY, 7, 27, 12, 5.88974
RY, 8, 27, 12, 5.8720099999999995
RY, 9, 27, 12, 5.845470000000001
RY, 10, 27, 12, 5.840300000000001
RY, 11, 27, 12, 5.8584700000000005
RY, 0, 27, 13, 6.01595
RY, 1, 27, 13, 5.80354
RY, 2, 27, 13, 5.86773
RY, 3, 27, 13, 5.6991000000000005
RY, 4, 27, 13, 5.7893799999999995
RY, 5, 27, 13, 5.87523
RY, 6, 27, 13, 5.86464
RY, 7, 27, 13, 5.89295
RY, 8, 27, 13, 5.87381
RY, 9, 27, 13, 5.858179999999999
RY, 10, 27, 13, 5.8488
RY, 11, 27, 13, 5.84333
RY, 12, 27, 13, 5.83535
RY, 0, 27, 14, 6.02044
RY, 1, 27, 14, 5.77093
RY, 2, 27, 14, 5.691070000000001
RY, 3, 27, 14, 5.6793499999999995
RY, 4, 27, 14, 5.74048
RY, 5, 27, 14, 5.855099999999999
RY, 6, 27, 14, 5.89078
RY, 7, 27, 14, 5.89962
RY, 8, 27, 14, 5.86621
RY, 9, 27, 14, 5.84784
RY, 10, 27, 14, 5.852199999999999
RY, 11, 27, 14, 5.85449
RY, 12, 27, 14, 5.81734
RY, 13, 27, 14, 5.83648
RY, 0, 27, 15, 6.018350000000001
RY, 1, 27, 15, 5.81299
RY, 2, 27, 15, 5.72308
RY, 3, 27, 15, 5.7123
RY, 4, 27, 15, 5.83706
RY, 5, 27, 15, 5.90242
RY, 6, 27, 15, 5.936719999999999
RY, 7, 27, 15, 5.9561
RY, 8, 27, 15, 8.205739999999999
RY, 9, 27, 15, 5.8649
RY, 10, 27, 15, 5.88549
RY, 11, 27, 15, 5.86691
RY, 12, 27, 15, 5.894190000000001
RY, 13, 27, 15, 5.8422
RY, 14, 27, 15, 5.85459
RY, 0, 27, 16, 6.072819999999999
RY, 1, 27, 16, 5.8997399999999995
RY, 2, 27, 16, 5.78701
RY, 3, 27, 16, 5.749929999999999
RY, 4, 27, 16, 5.88232
RY, 5, 27, 16, 5.9419
RY, 6, 27, 16, 6.06591
RY, 7, 27, 16, 6.05068
RY, 8, 27, 16, 5.959210000000001
RY, 9, 27, 16, 5.95176
RY, 10, 27, 16, 5.94789
RY, 11, 27, 16, 5.953810000000001
RY, 12, 27, 16, 5.9523600000000005
RY, 13, 27, 16, 5.93968
RY, 14, 27, 16, 5.9301
RY, 15, 27, 16, 5.9331000000000005
RY, 0, 27, 17, 6.0832
RY, 1, 27, 17, 5.91998
RY, 2, 27, 17, 5.83098
RY, 3, 27, 17, 5.784059999999999
RY, 4, 27, 17, 5.93009
RY, 5, 27, 17, 6.010720000000001
RY, 6, 27, 17, 6.08806
RY, 7, 27, 17, 6.04784
RY, 8, 27, 17, 5.9845999999999995
RY, 9, 27, 17, 5.95085
RY, 10, 27, 17, 5.94339
RY, 11, 27, 17, 5.9631
RY, 12, 27, 17, 5.95904
RY, 13, 27, 17, 6.01855
RY, 14, 27, 17, 5.9598700000000004
RY, 15, 27, 17, 5.955660000000001
RY, 16, 27, 17, 5.944850000000001
RY, 0, 27, 18, 7.83426
RY, 1, 27, 18, 8.42072
RY, 2, 27, 18, 7.37352
RY, 3, 27, 18, 7.49724
RY, 4, 27, 18, 8.492750000000001
RY, 5, 27, 18, 8.89382
RY, 6, 27, 18, 8.475409999999998
RY, 7, 27, 18, 8.34612
RY, 8, 27, 18, 7.789740000000001
RY, 9, 27, 18, 7.5013
RY, 10, 27, 18, 7.68128
RY, 11, 27, 18, 7.82923
RY, 12, 27, 18, 7.780820000000001
RY, 13, 27, 18, 7.5456900000000005
RY, 14, 27, 18, 7.64454
RY, 15, 27, 18, 7.554889999999999
RY, 16, 27, 18, 7.60415
RY, 17, 27, 18, 7.6639100000000004
RZ, 0, 24, 10, 0.5015660000000001
RZ, 1, 24, 10, 0.477736
RZ, 2, 24, 10, 0.460536
RZ, 3, 24, 10, 0.45986
RZ, 4, 24, 10, 0.56542
RZ, 5, 24, 10, 0.454276
RZ, 6, 24, 10, 0.454223
RZ, 7, 24, 10, 0.464826
RZ, 8, 24, 10, 0.463106
RZ, 9, 24, 10, 0.457513
RZ, 0, 24, 11, 0.505686
RZ, 1, 24, 11, 0.48364200000000007
RZ, 2, 24, 11, 0.5078309999999999
RZ, 3, 24, 11, 0.468854
RZ, 4, 24, 11, 0.45851200000000003
RZ, 5, 24, 11, 0.46914
RZ, 6, 24, 11, 0.461874
RZ, 7, 24, 11, 0.467387
RZ, 8, 24, 11, 0.545385
RZ, 9, 24, 11, 0.468845
RZ, 10, 24, 11, 0.535187
RZ, 0, 24, 12, 0.500716
RZ, 1, 24, 12, 0.478581
RZ, 2, 24, 12, 0.46720999999999996
RZ, 3, 24, 12, 0.460577
RZ, 4, 24, 12, 0.49965899999999996
RZ, 5, 24, 12, 0.46469299999999997
RZ, 6, 24, 12, 0.489023
RZ, 7, 24, 12, 0.479444
RZ, 8, 24, 12, 0.47471899999999995
RZ, 9, 24, 12, 0.473424
RZ, 10, 24, 12, 0.468803
RZ, 11, 24, 12, 0.46456
RZ, 0, 24, 13, 0.51227
RZ, 1, 24, 13, 0.48032199999999997
RZ, 2, 24, 13, 0.47853399999999996
RZ, 3, 24, 13, 0.459774
RZ, 4, 24, 13, 0.463858
RZ, 5, 24, 13, 0.46888799999999997
RZ, 6, 24, 13, 0.46857099999999996
RZ, 7, 24, 13, 0.48805599999999993
RZ, 8, 24, 13, 0.479203
RZ, 9, 24, 13, 0.480474
RZ, 10, 24, 13, 0.474118
RZ, 11, 24, 13, 0.46435499999999996
RZ, 12, 24, 13, 0.485283
RZ, 0, 24, 14, 0.510633
RZ, 1, 24, 14, 0.47687199999999996
RZ, 2, 24, 14, 0.464387
RZ, 3, 24, 14, 0.464061
RZ, 4, 24, 14, 0.460363
RZ, 5, 24, 14, 0.45938399999999996
RZ, 6, 24, 14, 0.46375
RZ, 7, 24, 14, 0.46937300000000004
RZ, 8, 24, 14, 0.47492999999999996
RZ, 9, 24, 14, 0.547188
RZ, 10, 24, 14, 0.48427
RZ, 11, 24, 14, 0.7168270000000001
RZ, 12, 24, 14, 0.468769
RZ, 13, 24, 14, 0.465801
RZ, 0, 24, 15, 0.515658
RZ, 1, 24, 15, 0.490177
RZ, 2, 24, 15, 0.48405400000000004
RZ, 3, 24, 15, 0.473907
RZ, 4, 24, 15, 0.47378299999999995
RZ, 5, 24, 15, 0.476466
RZ, 6, 24, 15, 0.47780799999999995
RZ, 7, 24, 15, 0.477887
RZ, 8, 24, 15, 0.48465099999999994
RZ, 9, 24, 15, 0.49244999999999994
RZ, 10, 24, 15, 0.481739
RZ, 11, 24, 15, 0.48014
RZ, 12, 24, 15, 0.473936
RZ, 13, 24, 15, 0.468362
RZ, 14, 24, 15, 0.468345
RZ, 0, 24, 16, 0.5203599999999999
RZ, 1, 24, 16, 0.492735
RZ, 2, 24, 16, 0.50575
RZ, 3, 24, 16, 0.46992100000000003
RZ, 4, 24, 16, 0.611227
RZ, 5, 24, 16, 0.48338600000000004
RZ, 6, 24, 16, 0.488301
RZ, 7, 24, 16, 0.48717900000000003
RZ, 8, 24, 16, 0.507427
RZ, 9, 24, 16, 0.48961999999999994
RZ, 10, 24, 16, 0.482264
RZ, 11, 24, 16, 0.490373
RZ, 12, 24, 16, 0.478538
RZ, 13, 24, 16, 0.482532
RZ, 14, 24, 16, 0.499566
RZ, 15, 24, 16, 0.482309
RZ, 0, 24, 17, 0.6309929999999999
RZ, 1, 24, 17, 0.49724399999999996
RZ, 2, 24, 17, 0.49072600000000005
RZ, 3, 24, 17, 0.482485
RZ, 4, 24, 17, 0.475149
RZ, 5, 24, 17, 0.489359
RZ, 6, 24, 17, 0.49790200000000007
RZ, 7, 24, 17, 0.49503199999999997
RZ, 8, 24, 17, 0.5115080000000001
RZ, 9, 24, 17, 0.4937790000000001
RZ, 10, 24, 17, 0.4903409999999999
RZ, 11, 24, 17, 0.4923099999999999
RZ, 12, 24, 17, 0.48866800000000005
RZ, 13, 24, 17, 0.5631240000000001
RZ, 14, 24, 17, 0.486646
RZ, 15, 24, 17, 0.492382
RZ, 16, 24, 17, 0.497873
RZ, 0, 24, 18, 0.79511
RZ, 1, 24, 18, 0.7943799999999999
RZ, 2, 24, 18, 0.737078
RZ, 3, 24, 18, 0.744201
RZ, 4, 24, 18, 0.738982
RZ, 5, 24, 18, 0.764578
RZ, 6, 24, 18, 0.742968
RZ, 7, 24, 18, 0.732048
RZ, 8, 24, 18, 0.7571129999999999
RZ, 9, 24, 18, 0.728383
RZ, 10, 24, 18, 0.727811
RZ, 11, 24, 18, 0.722814
RZ, 12, 24, 18, 0.813164
RZ, 13, 24, 18, 0.721105
RZ, 14, 24, 18, 0.703053
RZ, 15, 24, 18, 0.6981510000000001
RZ, 16, 24, 18, 0.7039420000000001
RZ, 17, 24, 18, 0.71391
RZ, 0, 25, 10, 1.18301
RZ, 1, 25, 10, 0.8874730000000001
RZ, 2, 25, 10, 0.8608
RZ, 3, 25, 10, 0.8468820000000001
RZ, 4, 25, 10, 0.9877900000000001
RZ, 5, 25, 10, 0.835278
RZ, 6, 25, 10, 0.841468
RZ, 7, 25, 10, 0.857506
RZ, 8, 25, 10, 0.874718
RZ, 9, 25, 10, 0.861603
RZ, 0, 25, 11, 0.94028
RZ, 1, 25, 11, 1.03182
RZ, 2, 25, 11, 0.8564700000000001
RZ, 3, 25, 11, 0.849589
RZ, 4, 25, 11, 0.8333119999999999
RZ, 5, 25, 11, 0.846948
RZ, 6, 25, 11, 0.8492860000000001
RZ, 7, 25, 11, 0.881465
RZ, 8, 25, 11, 0.8948269999999999
RZ, 9, 25, 11, 0.871979
RZ, 10, 25, 11, 0.878173
RZ, 0, 25, 12, 0.942077
RZ, 1, 25, 12, 0.892346
RZ, 2, 25, 12, 0.866101
RZ, 3, 25, 12, 0.8758290000000001
RZ, 4, 25, 12, 0.8541930000000001
RZ, 5, 25, 12, 1.0174999999999998
RZ, 6, 25, 12, 0.8929719999999999
RZ, 7, 25, 12, 0.879613
RZ, 8, 25, 12, 0.9653670000000001
RZ, 9, 25, 12, 0.887999
RZ, 10, 25, 12, 0.9025420000000001
RZ, 11, 25, 12, 0.88202
RZ, 0, 25, 13, 0.959263
RZ, 1, 25, 13, 0.901054
RZ, 2, 25, 13, 0.92696
RZ, 3, 25, 13, 0.849465
RZ, 4, 25, 13, 0.850016
RZ, 5, 25, 13, 0.8662989999999999
RZ, 6, 25, 13, 0.877329
RZ, 7, 25, 13, 0.942118
RZ, 8, 25, 13, 0.8963279999999999
RZ, 9, 25, 13, 0.8919779999999999
RZ, 10, 25, 13, 0.8930689999999999
RZ, 11, 25, 13, 0.8820649999999999
RZ, 12, 25, 13, 0.894992
RZ, 0, 25, 14, 0.942265
RZ, 1, 25, 14, 0.89694
RZ, 2, 25, 14, 0.878819
RZ, 3, 25, 14, 0.8768189999999999
RZ, 4, 25, 14, 0.8855200000000001
RZ, 5, 25, 14, 0.959883
RZ, 6, 25, 14, 0.874529
RZ, 7, 25, 14, 0.913808
RZ, 8, 25, 14, 0.9145440000000001
RZ, 9, 25, 14, 0.8849389999999999
RZ, 10, 25, 14, 0.909069
RZ, 11, 25, 14, 0.8942469999999999
RZ, 12, 25, 14, 0.8816309999999999
RZ, 13, 25, 14, 0.881741
RZ, 0, 25, 15, 0.942302
RZ, 1, 25, 15, 0.910168
RZ, 2, 25, 15, 0.877271
RZ, 3, 25, 15, 0.866585
RZ, 4, 25, 15, 0.914628
RZ, 5, 25, 15, 0.887254
RZ, 6, 25, 15, 0.909822
RZ, 7, 25, 15, 0.9871610000000001
RZ, 8, 25, 15, 0.9147280000000001
RZ, 9, 25, 15, 0.9177989999999999
RZ, 10, 25, 15, 0.9005340000000001
RZ, 11, 25, 15, 0.896884
RZ, 12, 25, 15, 0.888313
RZ, 13, 25, 15, 0.889146
RZ, 14, 25, 15, 0.889305
RZ, 0, 25, 16, 0.9778290000000002
RZ, 1, 25, 16, 0.916312
RZ, 2, 25, 16, 0.892479
RZ, 3, 25, 16, 0.879042
RZ, 4, 25, 16, 0.885444
RZ, 5, 25, 16, 0.918132
RZ, 6, 25, 16, 1.0087100000000002
RZ, 7, 25, 16, 0.9146070000000001
RZ, 8, 25, 16, 0.945105
RZ, 9, 25, 16, 0.935554
RZ, 10, 25, 16, 0.9121999999999999
RZ, 11, 25, 16, 0.901274
RZ, 12, 25, 16, 0.900531
RZ, 13, 25, 16, 0.912956
RZ, 14, 25, 16, 0.903641
RZ, 15, 25, 16, 1.04981
RZ, 0, 25, 17, 0.9723149999999999
RZ, 1, 25, 17, 0.9336220000000001
RZ, 2, 25, 17, 0.905664
RZ, 3, 25, 17, 0.882909
RZ, 4, 25, 17, 0.895433
RZ, 5, 25, 17, 0.919542
RZ, 6, 25, 17, 0.9321119999999999
RZ, 7, 25, 17, 0.9314720000000001
RZ, 8, 25, 17, 1.02447
RZ, 9, 25, 17, 0.9296500000000001
RZ, 10, 25, 17, 0.9221419999999999
RZ, 11, 25, 17, 0.932191
RZ, 12, 25, 17, 0.9303069999999999
RZ, 13, 25, 17, 0.91986
RZ, 14, 25, 17, 0.913466
RZ, 15, 25, 17, 1.01519
RZ, 16, 25, 17, 0.927866
RZ, 0, 25, 18, 1.5329400000000002
RZ, 1, 25, 18, 1.45739
RZ, 2, 25, 18, 1.4168399999999999
RZ, 3, 25, 18, 1.37958
RZ, 4, 25, 18, 1.4597499999999999
RZ, 5, 25, 18, 1.4639099999999998
RZ, 6, 25, 18, 1.44362
RZ, 7, 25, 18, 1.4558799999999998
RZ, 8, 25, 18, 1.4055699999999998
RZ, 9, 25, 18, 1.39223
RZ, 10, 25, 18, 1.41903
RZ, 11, 25, 18, 1.3750499999999999
RZ, 12, 25, 18, 1.3084200000000001
RZ, 13, 25, 18, 1.3178999999999998
RZ, 14, 25, 18, 1.35691
RZ, 15, 25, 18, 1.3637700000000001
RZ, 16, 25, 18, 1.33706
RZ, 17, 25, 18, 1.3744500000000002
RZ, 0, 26, 10, 1.78909
RZ, 1, 26, 10, 1.68879
RZ, 2, 26, 10, 1.6494199999999999
RZ, 3, 26, 10, 1.62711
RZ, 4, 26, 10, 1.6005500000000001
RZ, 5, 26, 10, 1.6258100000000002
RZ, 6, 26, 10, 1.59939
RZ, 7, 26, 10, 1.6361899999999998
RZ, 8, 26, 10, 1.68705
RZ, 9, 26, 10, 1.69118
RZ, 0, 26, 11, 1.8282100000000001
RZ, 1, 26, 11, 1.7006
RZ, 2, 26, 11, 1.64932
RZ, 3, 26, 11, 1.6182199999999998
RZ, 4, 26, 11, 1.60348
RZ, 5, 26, 11, 1.6205800000000001
RZ, 6, 26, 11, 1.6181100000000002
RZ, 7, 26, 11, 1.66124
RZ, 8, 26, 11, 1.7188899999999998
RZ, 9, 26, 11, 1.69262
RZ, 10, 26, 11, 1.68188
RZ, 0, 26, 12, 1.84405
RZ, 1, 26, 12, 1.72121
RZ, 2, 26, 12, 1.6676600000000001
RZ, 3, 26, 12, 1.63739
RZ, 4, 26, 12, 1.65961
RZ, 5, 26, 12, 1.7767600000000001
RZ, 6, 26, 12, 1.7445
RZ, 7, 26, 12, 1.69983
RZ, 8, 26, 12, 1.9090099999999999
RZ, 9, 26, 12, 1.73045
RZ, 10, 26, 12, 1.70918
RZ, 11, 26, 12, 1.70068
RZ, 0, 26, 13, 1.8189499999999998
RZ, 1, 26, 13, 1.72431
RZ, 2, 26, 13, 1.67475
RZ, 3, 26, 13, 1.6364400000000001
RZ, 4, 26, 13, 1.6620399999999997
RZ, 5, 26, 13, 1.67877
RZ, 6, 26, 13, 1.6961000000000002
RZ, 7, 26, 13, 1.6910800000000001
RZ, 8, 26, 13, 1.7134500000000001
RZ, 9, 26, 13, 1.75422
RZ, 10, 26, 13, 1.7022399999999998
RZ, 11, 26, 13, 1.69799
RZ, 12, 26, 13, 1.70784
RZ, 0, 26, 14, 1.8542600000000002
RZ, 1, 26, 14, 1.71995
RZ, 2, 26, 14, 1.66876
RZ, 3, 26, 14, 1.63243
RZ, 4, 26, 14, 1.75582
RZ, 5, 26, 14, 1.68931
RZ, 6, 26, 14, 1.7000000000000002
RZ, 7, 26, 14, 1.69506
RZ, 8, 26, 14, 1.72273
RZ, 9, 26, 14, 1.70519
RZ, 10, 26, 14, 1.7138300000000002
RZ, 11, 26, 14, 1.7038700000000002
RZ, 12, 26, 14, 1.69637
RZ, 13, 26, 14, 1.70666
RZ, 0, 26, 15, 1.88887
RZ, 1, 26, 15, 1.73415
RZ, 2, 26, 15, 1.6831099999999999
RZ, 3, 26, 15, 1.66369
RZ, 4, 26, 15, 1.68478
RZ, 5, 26, 15, 1.7139799999999998
RZ, 6, 26, 15, 1.71478
RZ, 7, 26, 15, 1.72452
RZ, 8, 26, 15, 1.76559
RZ, 9, 26, 15, 1.73562
RZ, 10, 26, 15, 1.74299
RZ, 11, 26, 15, 1.71885
RZ, 12, 26, 15, 1.7157700000000002
RZ, 13, 26, 15, 1.72169
RZ, 14, 26, 15, 1.7143800000000002
RZ, 0, 26, 16, 1.85172
RZ, 1, 26, 16, 1.7773400000000001
RZ, 2, 26, 16, 1.70639
RZ, 3, 26, 16, 1.68409
RZ, 4, 26, 16, 1.71805
RZ, 5, 26, 16, 1.74073
RZ, 6, 26, 16, 1.7840200000000002
RZ, 7, 26, 16, 1.7649400000000002
RZ, 8, 26, 16, 1.8342200000000002
RZ, 9, 26, 16, 1.7890500000000003
RZ, 10, 26, 16, 1.75898
RZ, 11, 26, 16, 1.75304
RZ, 12, 26, 16, 1.75989
RZ, 13, 26, 16, 1.74604
RZ, 14, 26, 16, 1.76201
RZ, 15, 26, 16, 1.7464600000000001
RZ, 0, 26, 17, 1.89951
RZ, 1, 26, 17, 1.78846
RZ, 2, 26, 17, 1.72862
RZ, 3, 26, 17, 1.73362
RZ, 4, 26, 17, 1.7355499999999997
RZ, 5, 26, 17, 1.7628
RZ, 6, 26, 17, 1.79806
RZ, 7, 26, 17, 1.7857200000000002
RZ, 8, 26, 17, 1.8303500000000001
RZ, 9, 26, 17, 1.79361
RZ, 10, 26, 17, 1.7956
RZ, 11, 26, 17, 1.7754600000000003
RZ, 12, 26, 17, 1.7958
RZ, 13, 26, 17, 1.7646600000000001
RZ, 14, 26, 17, 1.95553
RZ, 15, 26, 17, 1.7801700000000003
RZ, 16, 26, 17, 1.76001
RZ, 0, 26, 18, 2.9488
RZ, 1, 26, 18, 2.8677399999999995
RZ, 2, 26, 18, 2.742
RZ, 3, 26, 18, 2.6973599999999998
RZ, 4, 26, 18, 2.77993
RZ, 5, 26, 18, 2.82401
RZ, 6, 26, 18, 2.82818
RZ, 7, 26, 18, 2.7649600000000003
RZ, 8, 26, 18, 2.85854
RZ, 9, 26, 18, 2.7259299999999995
RZ, 10, 26, 18, 2.68143
RZ, 11, 26, 18, 2.6104600000000002
RZ, 12, 26, 18, 2.63536
RZ, 13, 26, 18, 2.57291
RZ, 14, 26, 18, 2.61838
RZ, 15, 26, 18, 2.61932
RZ, 16, 26, 18, 2.65304
RZ, 17, 26, 18, 2.65809
RZ, 0, 27, 10, 3.54064
RZ, 1, 27, 10, 3.3116
RZ, 2, 27, 10, 3.21807
RZ, 3, 27, 10, 3.14965
RZ, 4, 27, 10, 3.1729400000000005
RZ, 5, 27, 10, 3.12934
RZ, 6, 27, 10, 3.1363999999999996
RZ, 7, 27, 10, 3.18093
RZ, 8, 27, 10, 3.2986999999999997
RZ, 9, 27, 10, 3.2833600000000005
RZ, 0, 27, 11, 3.97694
RZ, 1, 27, 11, 3.32075
RZ, 2, 27, 11, 3.2284
RZ, 3, 27, 11, 3.17367
RZ, 4, 27, 11, 3.1442900000000003
RZ, 5, 27, 11, 3.18881
RZ, 6, 27, 11, 3.18573
RZ, 7, 27, 11, 3.21223
RZ, 8, 27, 11, 3.36273
RZ, 9, 27, 11, 3.3043
RZ, 10, 27, 11, 3.2995600000000005
RZ, 0, 27, 12, 3.5602099999999997
RZ, 1, 27, 12, 3.37043
RZ, 2, 27, 12, 3.24932
RZ, 3, 27, 12, 3.20022
RZ, 4, 27, 12, 3.2618000000000005
RZ, 5, 27, 12, 3.31948
RZ, 6, 27, 12, 3.32989
RZ, 7, 27, 12, 3.3333200000000005
RZ, 8, 27, 12, 3.39742
RZ, 9, 27, 12, 3.37416
RZ, 10, 27, 12, 3.36374
RZ, 11, 27, 12, 3.32298
RZ, 0, 27, 13, 3.58204
RZ, 1, 27, 13, 3.3448599999999997
RZ, 2, 27, 13, 3.25407
RZ, 3, 27, 13, 3.2131
RZ, 4, 27, 13, 3.2635799999999997
RZ, 5, 27, 13, 3.29947
RZ, 6, 27, 13, 3.32266
RZ, 7, 27, 13, 3.31515
RZ, 8, 27, 13, 3.41918
RZ, 9, 27, 13, 3.36155
RZ, 10, 27, 13, 3.3399699999999997
RZ, 11, 27, 13, 3.3579399999999997
RZ, 12, 27, 13, 3.3297
RZ, 0, 27, 14, 3.5746299999999995
RZ, 1, 27, 14, 3.33236
RZ, 2, 27, 14, 3.2507000000000006
RZ, 3, 27, 14, 3.21773
RZ, 4, 27, 14, 3.25241
RZ, 5, 27, 14, 3.3061400000000005
RZ, 6, 27, 14, 3.3958600000000003
RZ, 7, 27, 14, 3.3275300000000003
RZ, 8, 27, 14, 3.38466
RZ, 9, 27, 14, 3.36387
RZ, 10, 27, 14, 3.35937
RZ, 11, 27, 14, 3.35908
RZ, 12, 27, 14, 3.3338400000000004
RZ, 13, 27, 14, 3.33162
RZ, 0, 27, 15, 3.59317
RZ, 1, 27, 15, 3.39136
RZ, 2, 27, 15, 3.28261
RZ, 3, 27, 15, 3.23026
RZ, 4, 27, 15, 3.36498
RZ, 5, 27, 15, 3.33656
RZ, 6, 27, 15, 3.36331
RZ, 7, 27, 15, 3.36922
RZ, 8, 27, 15, 3.45795
RZ, 9, 27, 15, 3.38999
RZ, 10, 27, 15, 3.37967
RZ, 11, 27, 15, 3.37855
RZ, 12, 27, 15, 3.3522600000000002
RZ, 13, 27, 15, 3.40408
RZ, 14, 27, 15, 3.34693
RZ, 0, 27, 16, 3.6294900000000005
RZ, 1, 27, 16, 3.45381
RZ, 2, 27, 16, 3.3494699999999997
RZ, 3, 27, 16, 3.3025100000000003
RZ, 4, 27, 16, 3.38181
RZ, 5, 27, 16, 3.40418
RZ, 6, 27, 16, 3.4818599999999997
RZ, 7, 27, 16, 3.46368
RZ, 8, 27, 16, 3.57089
RZ, 9, 27, 16, 3.53181
RZ, 10, 27, 16, 3.4604000000000004
RZ, 11, 27, 16, 3.45105
RZ, 12, 27, 16, 3.4410499999999997
RZ, 13, 27, 16, 3.43289
RZ, 14, 27, 16, 3.4250599999999998
RZ, 15, 27, 16, 3.50034
RZ, 0, 27, 17, 3.6582
RZ, 1, 27, 17, 3.47923
RZ, 2, 27, 17, 3.39063
RZ, 3, 27, 17, 3.32341
RZ, 4, 27, 17, 3.3573799999999996
RZ, 5, 27, 17, 3.46494
RZ, 6, 27, 17, 3.50835
RZ, 7, 27, 17, 3.48935
RZ, 8, 27, 17, 3.59504
RZ, 9, 27, 17, 3.51177
RZ, 10, 27, 17, 3.46938
RZ, 11, 27, 17, 3.46741
RZ, 12, 27, 17, 3.4598400000000002
RZ, 13, 27, 17, 3.5381099999999996
RZ, 14, 27, 17, 3.4547899999999996
RZ, 15, 27, 17, 3.4421
RZ, 16, 27, 17, 3.46452
RZ, 0, 27, 18, 6.0764700000000005
RZ, 1, 27, 18, 5.58237
RZ, 2, 27, 18, 5.509239999999999
RZ, 3, 27, 18, 5.33169
RZ, 4, 27, 18, 5.38272
RZ, 5, 27, 18, 5.5864400000000005
RZ, 6, 27, 18, 5.547079999999999
RZ, 7, 27, 18, 5.34192
RZ, 8, 27, 18, 5.56126
RZ, 9, 27, 18, 5.3454
RZ, 10, 27, 18, 5.128549999999999
RZ, 11, 27, 18, 5.0856699999999995
RZ, 12, 27, 18, 5.60645
RZ, 13, 27, 18, 5.04648
RZ, 14, 27, 18, 5.019709999999999
RZ, 15, 27, 18, 5.109160000000001
RZ, 16, 27, 18, 5.084779999999999
RZ, 17, 27, 18, 5.17879
U1, 0, 24, 10, 0.805295
U1, 1, 24, 10, 0.7812830000000001
U1, 2, 24, 10, 0.764258
U1, 3, 24, 10, 0.7710029999999999
U1, 4, 24, 10, 0.751618
U1, 5, 24, 10, 0.7589690000000001
U1, 6, 24, 10, 0.7841349999999999
U1, 7, 24, 10, 0.7677589999999999
U1, 8, 24, 10, 0.77085
U1, 9, 24, 10, 0.765241
U1, 0, 24, 11, 0.8164129999999999
U1, 1, 24, 11, 0.779532
U1, 2, 24, 11, 0.767649
U1, 3, 24, 11, 0.762588
U1, 4, 24, 11, 0.764299
U1, 5, 24, 11, 0.7795860000000001
U1, 6, 24, 11, 0.798772
U1, 7, 24, 11, 0.7654049999999999
U1, 8, 24, 11, 0.7872079999999999
U1, 9, 24, 11, 0.7878780000000001
U1, 10, 24, 11, 0.774209
U1, 0, 24, 12, 0.8225720000000001
U1, 1, 24, 12, 0.781666
U1, 2, 24, 12, 0.77792
U1, 3, 24, 12, 0.7727259999999999
U1, 4, 24, 12, 0.780647
U1, 5, 24, 12, 0.793096
U1, 6, 24, 12, 0.8010820000000001
U1, 7, 24, 12, 0.809007
U1, 8, 24, 12, 0.784875
U1, 9, 24, 12, 0.780467
U1, 10, 24, 12, 0.7622460000000001
U1, 11, 24, 12, 0.772873
U1, 0, 24, 13, 0.9173570000000001
U1, 1, 24, 13, 0.7820509999999999
U1, 2, 24, 13, 0.773274
U1, 3, 24, 13, 0.764684
U1, 4, 24, 13, 0.7739469999999999
U1, 5, 24, 13, 0.77125
U1, 6, 24, 13, 0.83874
U1, 7, 24, 13, 0.8208400000000001
U1, 8, 24, 13, 0.874104
U1, 9, 24, 13, 0.7896150000000001
U1, 10, 24, 13, 0.792925
U1, 11, 24, 13, 0.773357
U1, 12, 24, 13, 0.783463
U1, 0, 24, 14, 0.880821
U1, 1, 24, 14, 0.7998489999999999
U1, 2, 24, 14, 0.7788470000000001
U1, 3, 24, 14, 0.786143
U1, 4, 24, 14, 0.770372
U1, 5, 24, 14, 0.8238829999999999
U1, 6, 24, 14, 0.779703
U1, 7, 24, 14, 0.783681
U1, 8, 24, 14, 0.7797949999999999
U1, 9, 24, 14, 0.7835399999999999
U1, 10, 24, 14, 0.771945
U1, 11, 24, 14, 0.777756
U1, 12, 24, 14, 0.777104
U1, 13, 24, 14, 0.776091
U1, 0, 24, 15, 0.8241160000000001
U1, 1, 24, 15, 0.808358
U1, 2, 24, 15, 0.7939930000000001
U1, 3, 24, 15, 0.7855420000000001
U1, 4, 24, 15, 0.7768120000000001
U1, 5, 24, 15, 0.78733
U1, 6, 24, 15, 0.8104020000000001
U1, 7, 24, 15, 0.791027
U1, 8, 24, 15, 0.795888
U1, 9, 24, 15, 0.7843940000000001
U1, 10, 24, 15, 0.781003
U1, 11, 24, 15, 0.8177
U1, 12, 24, 15, 0.787918
U1, 13, 24, 15, 0.7726860000000001
U1, 14, 24, 15, 0.791807
U1, 0, 24, 16, 0.828064
U1, 1, 24, 16, 0.799984
U1, 2, 24, 16, 0.787316
U1, 3, 24, 16, 0.803738
U1, 4, 24, 16, 0.780937
U1, 5, 24, 16, 0.803232
U1, 6, 24, 16, 0.820034
U1, 7, 24, 16, 0.8056209999999999
U1, 8, 24, 16, 0.789765
U1, 9, 24, 16, 0.788415
U1, 10, 24, 16, 0.807812
U1, 11, 24, 16, 0.793798
U1, 12, 24, 16, 0.8018390000000001
U1, 13, 24, 16, 0.794987
U1, 14, 24, 16, 0.7992730000000001
U1, 15, 24, 16, 0.7890250000000001
U1, 0, 24, 17, 0.861537
U1, 1, 24, 17, 0.800564
U1, 2, 24, 17, 0.7910349999999999
U1, 3, 24, 17, 0.784006
U1, 4, 24, 17, 0.78764
U1, 5, 24, 17, 0.806876
U1, 6, 24, 17, 0.824367
U1, 7, 24, 17, 0.806365
U1, 8, 24, 17, 0.7950409999999999
U1, 9, 24, 17, 0.7958990000000001
U1, 10, 24, 17, 0.798572
U1, 11, 24, 17, 0.792859
U1, 12, 24, 17, 0.8174750000000001
U1, 13, 24, 17, 0.801649
U1, 14, 24, 17, 0.8037550000000001
U1, 15, 24, 17, 0.797567
U1, 16, 24, 17, 0.791849
U1, 0, 24, 18, 1.02087
U1, 1, 24, 18, 1.01511
U1, 2, 24, 18, 1.01157
U1, 3, 24, 18, 0.9951129999999999
U1, 4, 24, 18, 1.0749
U1, 5, 24, 18, 1.13817
U1, 6, 24, 18, 1.14558
U1, 7, 24, 18, 1.1075
U1, 8, 24, 18, 1.0408000000000002
U1, 9, 24, 18, 1.0700900000000002
U1, 10, 24, 18, 1.05263
U1, 11, 24, 18, 1.0514999999999999
U1, 12, 24, 18, 1.05305
U1, 13, 24, 18, 1.07157
U1, 14, 24, 18, 1.0416100000000001
U1, 15, 24, 18, 1.03911
U1, 16, 24, 18, 1.05878
U1, 17, 24, 18, 1.05245
U1, 0, 25, 10, 1.55128
U1, 1, 25, 10, 1.51486
U1, 2, 25, 10, 1.46439
U1, 3, 25, 10, 1.4479800000000003
U1, 4, 25, 10, 1.44019
U1, 5, 25, 10, 1.66737
U1, 6, 25, 10, 1.45273
U1, 7, 25, 10, 1.46378
U1, 8, 25, 10, 1.52791
U1, 9, 25, 10, 1.52799
U1, 0, 25, 11, 1.5729399999999998
U1, 1, 25, 11, 1.4914800000000001
U1, 2, 25, 11, 1.45725
U1, 3, 25, 11, 1.4439
U1, 4, 25, 11, 1.4525199999999998
U1, 5, 25, 11, 1.48987
U1, 6, 25, 11, 1.47011
U1, 7, 25, 11, 1.46812
U1, 8, 25, 11, 1.4564599999999999
U1, 9, 25, 11, 1.4696500000000001
U1, 10, 25, 11, 1.5015800000000001
U1, 0, 25, 12, 1.57145
U1, 1, 25, 12, 1.49766
U1, 2, 25, 12, 1.49584
U1, 3, 25, 12, 1.4591399999999999
U1, 4, 25, 12, 1.48695
U1, 5, 25, 12, 1.49166
U1, 6, 25, 12, 1.57222
U1, 7, 25, 12, 1.5018999999999998
U1, 8, 25, 12, 1.4896699999999998
U1, 9, 25, 12, 1.6053899999999999
U1, 10, 25, 12, 1.5101300000000002
U1, 11, 25, 12, 1.57258
U1, 0, 25, 13, 1.65821
U1, 1, 25, 13, 1.49721
U1, 2, 25, 13, 1.4915800000000001
U1, 3, 25, 13, 1.47283
U1, 4, 25, 13, 1.48497
U1, 5, 25, 13, 1.60531
U1, 6, 25, 13, 1.5102099999999998
U1, 7, 25, 13, 1.51482
U1, 8, 25, 13, 1.5077800000000001
U1, 9, 25, 13, 1.68824
U1, 10, 25, 13, 1.51183
U1, 11, 25, 13, 1.62901
U1, 12, 25, 13, 1.49038
U1, 0, 25, 14, 1.55934
U1, 1, 25, 14, 1.50494
U1, 2, 25, 14, 1.49331
U1, 3, 25, 14, 1.45223
U1, 4, 25, 14, 1.47906
U1, 5, 25, 14, 1.4968899999999998
U1, 6, 25, 14, 1.51486
U1, 7, 25, 14, 1.50592
U1, 8, 25, 14, 1.50414
U1, 9, 25, 14, 1.51305
U1, 10, 25, 14, 1.4974299999999998
U1, 11, 25, 14, 1.50598
U1, 12, 25, 14, 1.49321
U1, 13, 25, 14, 1.5098
U1, 0, 25, 15, 1.5615899999999998
U1, 1, 25, 15, 1.52222
U1, 2, 25, 15, 1.4824899999999999
U1, 3, 25, 15, 1.45857
U1, 4, 25, 15, 1.4915999999999998
U1, 5, 25, 15, 1.5457299999999998
U1, 6, 25, 15, 1.52885
U1, 7, 25, 15, 1.51844
U1, 8, 25, 15, 1.50423
U1, 9, 25, 15, 1.4975800000000001
U1, 10, 25, 15, 1.5027199999999998
U1, 11, 25, 15, 1.5270299999999999
U1, 12, 25, 15, 1.50508
U1, 13, 25, 15, 1.50914
U1, 14, 25, 15, 1.51805
U1, 0, 25, 16, 1.6694700000000002
U1, 1, 25, 16, 1.55694
U1, 2, 25, 16, 1.49233
U1, 3, 25, 16, 1.51581
U1, 4, 25, 16, 1.5092
U1, 5, 25, 16, 1.5492299999999999
U1, 6, 25, 16, 1.5640100000000001
U1, 7, 25, 16, 1.8781800000000002
U1, 8, 25, 16, 1.54373
U1, 9, 25, 16, 1.51752
U1, 10, 25, 16, 1.52104
U1, 11, 25, 16, 1.5176200000000002
U1, 12, 25, 16, 1.5146399999999998
U1, 13, 25, 16, 1.5132
U1, 14, 25, 16, 1.52617
U1, 15, 25, 16, 1.5199999999999998
U1, 0, 25, 17, 1.57855
U1, 1, 25, 17, 1.5618199999999998
U1, 2, 25, 17, 1.66916
U1, 3, 25, 17, 1.5128400000000002
U1, 4, 25, 17, 1.52118
U1, 5, 25, 17, 1.55379
U1, 6, 25, 17, 1.5614700000000001
U1, 7, 25, 17, 1.54419
U1, 8, 25, 17, 1.5397
U1, 9, 25, 17, 1.5251600000000003
U1, 10, 25, 17, 1.52538
U1, 11, 25, 17, 1.52502
U1, 12, 25, 17, 1.52275
U1, 13, 25, 17, 1.5223900000000001
U1, 14, 25, 17, 1.51811
U1, 15, 25, 17, 1.5298900000000002
U1, 16, 25, 17, 1.52615
U1, 0, 25, 18, 2.01075
U1, 1, 25, 18, 1.9863
U1, 2, 25, 18, 1.95817
U1, 3, 25, 18, 2.00024
U1, 4, 25, 18, 2.02296
U1, 5, 25, 18, 2.281
U1, 6, 25, 18, 2.24646
U1, 7, 25, 18, 2.1633
U1, 8, 25, 18, 1.97794
U1, 9, 25, 18, 1.9806799999999998
U1, 10, 25, 18, 1.99554
U1, 11, 25, 18, 1.97572
U1, 12, 25, 18, 2.01224
U1, 13, 25, 18, 2.003
U1, 14, 25, 18, 2.0368600000000003
U1, 15, 25, 18, 2.0072200000000002
U1, 16, 25, 18, 2.02774
U1, 17, 25, 18, 1.9938500000000001
U1, 0, 26, 10, 3.03106
U1, 1, 26, 10, 2.9162199999999996
U1, 2, 26, 10, 2.88314
U1, 3, 26, 10, 2.8553200000000003
U1, 4, 26, 10, 2.81118
U1, 5, 26, 10, 2.8299999999999996
U1, 6, 26, 10, 2.83885
U1, 7, 26, 10, 2.9087699999999996
U1, 8, 26, 10, 2.84644
U1, 9, 26, 10, 2.8723
U1, 0, 26, 11, 3.0369800000000002
U1, 1, 26, 11, 2.95005
U1, 2, 26, 11, 2.87431
U1, 3, 26, 11, 2.85398
U1, 4, 26, 11, 2.81586
U1, 5, 26, 11, 2.8355399999999995
U1, 6, 26, 11, 2.85939
U1, 7, 26, 11, 2.86957
U1, 8, 26, 11, 2.8383599999999998
U1, 9, 26, 11, 2.95985
U1, 10, 26, 11, 2.9117800000000003
U1, 0, 26, 12, 3.04494
U1, 1, 26, 12, 2.96159
U1, 2, 26, 12, 2.89553
U1, 3, 26, 12, 2.86149
U1, 4, 26, 12, 2.89208
U1, 5, 26, 12, 2.94095
U1, 6, 26, 12, 2.9728
U1, 7, 26, 12, 2.96554
U1, 8, 26, 12, 2.9375400000000003
U1, 9, 26, 12, 2.9319800000000003
U1, 10, 26, 12, 2.92095
U1, 11, 26, 12, 2.93731
U1, 0, 26, 13, 3.0463299999999998
U1, 1, 26, 13, 2.92829
U1, 2, 26, 13, 2.94005
U1, 3, 26, 13, 2.84867
U1, 4, 26, 13, 2.89464
U1, 5, 26, 13, 2.9304
U1, 6, 26, 13, 3.23869
U1, 7, 26, 13, 2.97577
U1, 8, 26, 13, 2.95277
U1, 9, 26, 13, 2.9466500000000004
U1, 10, 26, 13, 2.93522
U1, 11, 26, 13, 3.1415100000000002
U1, 12, 26, 13, 2.9349100000000004
U1, 0, 26, 14, 3.05376
U1, 1, 26, 14, 2.98527
U1, 2, 26, 14, 2.8902099999999997
U1, 3, 26, 14, 2.8473300000000004
U1, 4, 26, 14, 2.87149
U1, 5, 26, 14, 2.93498
U1, 6, 26, 14, 2.9570299999999996
U1, 7, 26, 14, 2.97447
U1, 8, 26, 14, 2.9421000000000004
U1, 9, 26, 14, 2.9571799999999997
U1, 10, 26, 14, 2.9460399999999995
U1, 11, 26, 14, 2.9484199999999996
U1, 12, 26, 14, 2.9438199999999997
U1, 13, 26, 14, 2.92226
U1, 0, 26, 15, 3.0635499999999998
U1, 1, 26, 15, 2.94377
U1, 2, 26, 15, 2.8681
U1, 3, 26, 15, 2.8577500000000002
U1, 4, 26, 15, 2.9100900000000003
U1, 5, 26, 15, 2.97211
U1, 6, 26, 15, 2.9921100000000003
U1, 7, 26, 15, 3.0765700000000002
U1, 8, 26, 15, 2.97021
U1, 9, 26, 15, 2.94988
U1, 10, 26, 15, 2.9482000000000004
U1, 11, 26, 15, 2.94367
U1, 12, 26, 15, 2.95544
U1, 13, 26, 15, 2.94616
U1, 14, 26, 15, 2.9425000000000003
U1, 0, 26, 16, 3.07847
U1, 1, 26, 16, 2.97919
U1, 2, 26, 16, 2.91064
U1, 3, 26, 16, 2.89037
U1, 4, 26, 16, 2.9515000000000002
U1, 5, 26, 16, 2.9940499999999997
U1, 6, 26, 16, 3.0607800000000003
U1, 7, 26, 16, 3.0275999999999996
U1, 8, 26, 16, 2.99527
U1, 9, 26, 16, 2.9837100000000003
U1, 10, 26, 16, 2.9657
U1, 11, 26, 16, 2.97138
U1, 12, 26, 16, 3.0177199999999997
U1, 13, 26, 16, 2.98186
U1, 14, 26, 16, 2.9700300000000004
U1, 15, 26, 16, 2.9779299999999997
U1, 0, 26, 17, 3.3550600000000004
U1, 1, 26, 17, 2.9931799999999997
U1, 2, 26, 17, 2.9794500000000004
U1, 3, 26, 17, 2.92489
U1, 4, 26, 17, 2.97364
U1, 5, 26, 17, 3.01099
U1, 6, 26, 17, 3.05527
U1, 7, 26, 17, 3.04261
U1, 8, 26, 17, 2.99689
U1, 9, 26, 17, 2.9826999999999995
U1, 10, 26, 17, 2.99012
U1, 11, 26, 17, 2.9872900000000002
U1, 12, 26, 17, 2.9815399999999994
U1, 13, 26, 17, 2.99214
U1, 14, 26, 17, 2.99944
U1, 15, 26, 17, 2.99698
U1, 16, 26, 17, 2.97447
U1, 0, 26, 18, 3.87662
U1, 1, 26, 18, 3.8943499999999998
U1, 2, 26, 18, 3.74602
U1, 3, 26, 18, 3.73239
U1, 4, 26, 18, 3.98654
U1, 5, 26, 18, 4.50058
U1, 6, 26, 18, 4.32242
U1, 7, 26, 18, 4.2112
U1, 8, 26, 18, 3.75265
U1, 9, 26, 18, 3.7526300000000004
U1, 10, 26, 18, 3.83268
U1, 11, 26, 18, 4.01373
U1, 12, 26, 18, 3.81263
U1, 13, 26, 18, 3.9495
U1, 14, 26, 18, 3.94755
U1, 15, 26, 18, 3.86793
U1, 16, 26, 18, 3.79804
U1, 17, 26, 18, 3.8732299999999995
U1, 0, 27, 10, 5.99614
U1, 1, 27, 10, 5.76113
U1, 2, 27, 10, 5.65559
U1, 3, 27, 10, 5.61704
U1, 4, 27, 10, 5.78113
U1, 5, 27, 10, 5.588800000000001
U1, 6, 27, 10, 5.596699999999999
U1, 7, 27, 10, 5.623270000000001
U1, 8, 27, 10, 5.65905
U1, 9, 27, 10, 5.6753100000000005
U1, 0, 27, 11, 6.02954
U1, 1, 27, 11, 5.7556899999999995
U1, 2, 27, 11, 5.64632
U1, 3, 27, 11, 5.61086
U1, 4, 27, 11, 5.5809299999999995
U1, 5, 27, 11, 5.610899999999999
U1, 6, 27, 11, 5.685230000000001
U1, 7, 27, 11, 5.6621500000000005
U1, 8, 27, 11, 6.04066
U1, 9, 27, 11, 5.695460000000001
U1, 10, 27, 11, 5.72427
U1, 0, 27, 12, 6.05213
U1, 1, 27, 12, 5.78631
U1, 2, 27, 12, 5.66928
U1, 3, 27, 12, 5.633369999999999
U1, 4, 27, 12, 5.7291099999999995
U1, 5, 27, 12, 5.81385
U1, 6, 27, 12, 5.8329699999999995
U1, 7, 27, 12, 5.87836
U1, 8, 27, 12, 5.82668
U1, 9, 27, 12, 5.81387
U1, 10, 27, 12, 5.788379999999999
U1, 11, 27, 12, 5.800870000000001
U1, 0, 27, 13, 6.0384400000000005
U1, 1, 27, 13, 5.7574000000000005
U1, 2, 27, 13, 5.664160000000001
U1, 3, 27, 13, 5.642080000000001
U1, 4, 27, 13, 5.7347600000000005
U1, 5, 27, 13, 5.82684
U1, 6, 27, 13, 5.8300600000000005
U1, 7, 27, 13, 5.8617
U1, 8, 27, 13, 5.8388
U1, 9, 27, 13, 5.92191
U1, 10, 27, 13, 5.83267
U1, 11, 27, 13, 5.80516
U1, 12, 27, 13, 5.79529
U1, 0, 27, 14, 6.03152
U1, 1, 27, 14, 5.7879499999999995
U1, 2, 27, 14, 5.64791
U1, 3, 27, 14, 5.63617
U1, 4, 27, 14, 5.701429999999999
U1, 5, 27, 14, 5.78971
U1, 6, 27, 14, 5.82882
U1, 7, 27, 14, 5.8336500000000004
U1, 8, 27, 14, 5.82398
U1, 9, 27, 14, 5.8247
U1, 10, 27, 14, 5.83113
U1, 11, 27, 14, 5.80068
U1, 12, 27, 14, 5.8076799999999995
U1, 13, 27, 14, 5.775510000000001
U1, 0, 27, 15, 6.038099999999999
U1, 1, 27, 15, 5.86101
U1, 2, 27, 15, 5.73456
U1, 3, 27, 15, 5.6588
U1, 4, 27, 15, 5.729480000000001
U1, 5, 27, 15, 5.848259999999999
U1, 6, 27, 15, 5.89384
U1, 7, 27, 15, 5.890980000000001
U1, 8, 27, 15, 5.859170000000001
U1, 9, 27, 15, 5.844869999999999
U1, 10, 27, 15, 5.84238
U1, 11, 27, 15, 5.83844
U1, 12, 27, 15, 5.83543
U1, 13, 27, 15, 5.81398
U1, 14, 27, 15, 5.797
U1, 0, 27, 16, 6.09893
U1, 1, 27, 16, 5.88293
U1, 2, 27, 16, 5.77792
U1, 3, 27, 16, 5.72511
U1, 4, 27, 16, 5.80536
U1, 5, 27, 16, 5.90764
U1, 6, 27, 16, 6.0182199999999995
U1, 7, 27, 16, 5.99882
U1, 8, 27, 16, 5.8927499999999995
U1, 9, 27, 16, 5.9027899999999995
U1, 10, 27, 16, 5.88831
U1, 11, 27, 16, 5.88676
U1, 12, 27, 16, 5.90724
U1, 13, 27, 16, 5.90662
U1, 14, 27, 16, 5.87977
U1, 15, 27, 16, 5.859069999999999
U1, 0, 27, 17, 6.09282
U1, 1, 27, 17, 5.906789999999999
U1, 2, 27, 17, 5.79615
U1, 3, 27, 17, 5.758959999999999
U1, 4, 27, 17, 5.86437
U1, 5, 27, 17, 5.97886
U1, 6, 27, 17, 8.1391
U1, 7, 27, 17, 6.0111099999999995
U1, 8, 27, 17, 5.914890000000001
U1, 9, 27, 17, 5.90477
U1, 10, 27, 17, 5.89646
U1, 11, 27, 17, 5.89951
U1, 12, 27, 17, 6.07637
U1, 13, 27, 17, 5.9039
U1, 14, 27, 17, 5.88312
U1, 15, 27, 17, 5.89853
U1, 16, 27, 17, 5.877329999999999
U1, 0, 27, 18, 7.69082
U1, 1, 27, 18, 7.61425
U1, 2, 27, 18, 7.49651
U1, 3, 27, 18, 7.56903
U1, 4, 27, 18, 7.82339
U1, 5, 27, 18, 8.86836
U1, 6, 27, 18, 8.43551
U1, 7, 27, 18, 8.35908
U1, 8, 27, 18, 7.61017
U1, 9, 27, 18, 7.669580000000001
U1, 10, 27, 18, 7.56221
U1, 11, 27, 18, 7.91556
U1, 12, 27, 18, 7.49895
U1, 13, 27, 18, 7.70123
U1, 14, 27, 18, 7.656020000000001
U1, 15, 27, 18, 8.042510000000002
U1, 16, 27, 18, 7.77786
U1, 17, 27, 18, 7.68238
