H, 24, 0, 3.0889796
H, 24, 1, 1.8019247999999999
H, 24, 2, 1.66524118
H, 24, 3, 1.69156469
H, 24, 4, 1.88765952
H, 24, 5, 1.84297457
H, 24, 6, 1.9393842000000001
H, 24, 7, 1.8289718799999999
H, 24, 8, 1.7599544999999999
H, 24, 9, 2.13870404
H, 24, 10, 1.78291033
H, 24, 11, 1.7506016999999998
H, 24, 12, 1.85340913
H, 24, 13, 1.81491168
H, 24, 14, 1.7865797799999998
H, 24, 15, 1.9812156600000002
H, 24, 16, 1.76537877
H, 24, 17, 2.0242740300000004
H, 24, 18, 2.1603831700000002
H, 24, 19, 1.9175624199999999
H, 24, 20, 1.85856028
H, 24, 21, 2.04035196
H, 24, 22, 1.89233058
H, 24, 23, 1.8765023299999999
H, 25, 0, 10.83904715
H, 25, 1, 10.676623229999999
H, 25, 2, 11.79225561
H, 25, 3, 10.6473522
H, 25, 4, 11.69848764
H, 25, 5, 10.738632260000001
H, 25, 6, 10.8538544
H, 25, 7, 10.455923460000001
H, 25, 8, 10.85661466
H, 25, 9, 11.2562178
H, 25, 10, 10.72610716
H, 25, 11, 10.56983148
H, 25, 12, 10.85372447
H, 25, 13, 10.528100049999999
H, 25, 14, 10.42102558
H, 25, 15, 10.92653932
H, 25, 16, 10.45213167
H, 25, 17, 10.44881001
H, 25, 18, 10.9490656
H, 25, 19, 10.46995806
H, 25, 20, 10.43766247
H, 25, 21, 10.3378367
H, 25, 22, 10.38055505
H, 25, 23, 10.321522960000001
H, 25, 24, 10.46899904
H, 26, 0, 20.63329808
H, 26, 1, 20.58316018
H, 26, 2, 20.68382493
H, 26, 3, 20.57652928
H, 26, 4, 20.623594609999998
H, 26, 5, 20.87622542
H, 26, 6, 20.65489859
H, 26, 7, 20.532996389999997
H, 26, 8, 20.5461178
H, 26, 9, 20.98738705
H, 26, 10, 20.927038630000002
H, 26, 11, 21.025805599999998
H, 26, 12, 20.80704633
H, 26, 13, 20.77335243
H, 26, 14, 21.048835190000002
H, 26, 15, 21.737401410000004
H, 26, 16, 21.43367917
H, 26, 17, 21.601495590000003
H, 26, 18, 21.13921521
H, 26, 19, 21.12965839
H, 26, 20, 21.03399294
H, 26, 21, 21.729041929999998
H, 26, 22, 21.05279116
H, 26, 23, 21.01669021
H, 26, 24, 22.202823480000003
H, 26, 25, 21.84846551
H, 27, 0, 41.9323868
H, 27, 1, 41.52942465
H, 27, 2, 41.09194898
H, 27, 3, 40.817061949999996
H, 27, 4, 40.93646594
H, 27, 5, 40.79211354
H, 27, 6, 40.85998483
H, 27, 7, 40.729163809999996
H, 27, 8, 40.83770626
H, 27, 9, 40.945575129999995
H, 27, 10, 41.226711370000004
H, 27, 11, 41.30510276
H, 27, 12, 42.22593094
H, 27, 13, 42.29121544
H, 27, 14, 41.17635345
H, 27, 15, 41.13267523
H, 27, 16, 41.47962932
H, 27, 17, 41.15458395
H, 27, 18, 41.462900530000006
H, 27, 19, 41.433633390000004
H, 27, 20, 41.246841620000005
H, 27, 21, 41.54364471
H, 27, 22, 41.19360211
H, 27, 23, 41.53961793999999
H, 27, 24, 41.33593631
H, 27, 25, 42.14000176
H, 27, 26, 41.90601238
H, 28, 0, 82.89078943
H, 28, 1, 80.92665015
H, 28, 2, 80.89933153000001
H, 28, 3, 80.91572894
H, 28, 4, 80.94304820999999
H, 28, 5, 82.26049756
H, 28, 6, 81.37819936
H, 28, 7, 80.78103379
H, 28, 8, 80.89815755000001
H, 28, 9, 81.18154700999999
H, 28, 10, 81.70817248
H, 28, 11, 81.86223285000001
H, 28, 12, 81.93841377999999
H, 28, 13, 81.69350998000002
H, 28, 14, 81.83641927000001
H, 28, 15, 81.76145264000002
H, 28, 16, 81.84592441999999
H, 28, 17, 81.62058334
H, 28, 18, 81.53862877
H, 28, 19, 81.74482889
H, 28, 20, 81.7109608
H, 28, 21, 81.63599573
H, 28, 22, 81.83019539
H, 28, 23, 81.79652108
H, 28, 24, 81.25439768999999
H, 28, 25, 81.07796064
H, 28, 26, 81.0088888
H, 28, 27, 80.94051079
H, 29, 0, 160.18325914999997
H, 29, 1, 160.58142041000002
H, 29, 2, 160.45390025
H, 29, 3, 160.29661842
H, 29, 4, 160.48749864
H, 29, 5, 163.3391689
H, 29, 6, 159.93278809
H, 29, 7, 160.13247003
H, 29, 8, 160.53217516
H, 29, 9, 160.97754384
H, 29, 10, 161.84555353
H, 29, 11, 162.15420676
H, 29, 12, 162.46291014
H, 29, 13, 162.33718987
H, 29, 14, 162.07464804000003
H, 29, 15, 161.93547981999998
H, 29, 16, 162.06960056
H, 29, 17, 161.92868941999998
H, 29, 18, 161.94476135
H, 29, 19, 162.06924937
H, 29, 20, 162.31316356
H, 29, 21, 161.9731175
H, 29, 22, 162.08023724
H, 29, 23, 162.14172069999998
H, 29, 24, 160.5330649
H, 29, 25, 160.44497672
H, 29, 26, 160.28723944
H, 29, 27, 160.37670801000002
H, 29, 28, 160.62156147000002
H, 30, 0, 318.92419971
H, 30, 1, 318.88975820999997
H, 30, 2, 318.85698799
H, 30, 3, 319.17003624
H, 30, 4, 318.76647221999997
H, 30, 5, 323.65985126
H, 30, 6, 318.49568181
H, 30, 7, 318.48851869
H, 30, 8, 319.19180466
H, 30, 9, 319.91071226
H, 30, 10, 322.55480859
H, 30, 11, 322.55553958999997
H, 30, 12, 323.02176617
H, 30, 13, 323.18396022999997
H, 30, 14, 322.18665626999996
H, 30, 15, 322.16028162
H, 30, 16, 322.23165387
H, 30, 17, 322.17721544
H, 30, 18, 322.20758687999995
H, 30, 19, 322.18816879
H, 30, 20, 322.12680718
H, 30, 21, 322.27319518999997
H, 30, 22, 322.12920619999994
H, 30, 23, 322.87098574
H, 30, 24, 319.22273216
H, 30, 25, 319.33348935
H, 30, 26, 318.99213054
H, 30, 27, 319.20836579
H, 30, 28, 318.84448108000004
H, 30, 29, 318.96840839000004
H, 31, 0, 635.40992981
H, 31, 1, 635.70900498
H, 31, 2, 635.66203619
H, 31, 3, 635.6270405399999
H, 31, 4, 635.48094413
H, 31, 5, 638.5945294500001
H, 31, 6, 634.4488825999999
H, 31, 7, 635.21455738
H, 31, 8, 636.6629541599999
H, 31, 9, 637.5462976099999
H, 31, 10, 642.76769406
H, 31, 11, 643.2415341
H, 31, 12, 644.1077003700001
H, 31, 13, 644.49659646
H, 31, 14, 642.2591876200001
H, 31, 15, 642.32657636
H, 31, 16, 642.5371328699999
H, 31, 17, 642.30020217
H, 31, 18, 642.9509290799999
H, 31, 19, 642.3635373999999
H, 31, 20, 642.5748084699999
H, 31, 21, 642.34642429
H, 31, 22, 642.33122381
H, 31, 23, 642.4785656299999
H, 31, 24, 635.78599791
H, 31, 25, 635.8066579900001
H, 31, 26, 635.6054956300001
H, 31, 27, 635.62247712
H, 31, 28, 635.93199225
H, 31, 29, 635.9129583099999
H, 31, 30, 636.0560947700001
H, 32, 0, 1268.92665362
H, 32, 1, 1269.44681619
H, 32, 2, 1268.65819003
H, 32, 3, 1268.3497072500002
H, 32, 4, 1268.25945148
H, 32, 5, 1269.56215044
H, 32, 6, 1266.3961091
H, 32, 7, 1267.7301024600001
H, 32, 8, 1270.4719116299998
H, 32, 9, 1271.97020464
H, 32, 10, 1283.1169259
H, 32, 11, 1283.9453877899998
H, 32, 12, 1285.71627289
H, 32, 13, 1286.97493589
H, 32, 14, 1282.44409892
H, 32, 15, 1282.26864882
H, 32, 16, 1282.47070313
H, 32, 17, 1282.31953686
H, 32, 18, 1282.45147019
H, 32, 19, 1282.5423863899998
H, 32, 20, 1282.50467695
H, 32, 21, 1282.21415642
H, 32, 22, 1282.50461377
H, 32, 23, 1283.38310671
H, 32, 24, 1269.45802021
H, 32, 25, 1269.64498811
H, 32, 26, 1268.87895707
H, 32, 27, 1268.88810889
H, 32, 28, 1268.89890073
H, 32, 29, 1269.38351418
H, 32, 30, 1269.08854412
H, 32, 31, 1269.24720361
X, 24, 0, 1.75536312
X, 24, 1, 1.7916000100000002
X, 24, 2, 1.80923889
X, 24, 3, 1.8044526399999998
X, 24, 4, 1.80207484
X, 24, 5, 1.83416478
X, 24, 6, 1.7885700800000002
X, 24, 7, 1.8256633899999999
X, 24, 8, 1.8191664900000002
X, 24, 9, 1.8351214900000001
X, 24, 10, 1.8135938400000002
X, 24, 11, 1.8305123600000002
X, 24, 12, 1.8250687600000002
X, 24, 13, 1.84442149
X, 24, 14, 1.8350940399999998
X, 24, 15, 1.79994081
X, 24, 16, 1.8142112199999998
X, 24, 17, 1.81939143
X, 24, 18, 1.87100832
X, 24, 19, 1.87275713
X, 24, 20, 1.94933007
X, 24, 21, 1.8858058299999998
X, 24, 22, 1.88635646
X, 24, 23, 1.87415478
X, 25, 0, 10.427212910000002
X, 25, 1, 10.19334476
X, 25, 2, 10.21681279
X, 25, 3, 10.200915909999999
X, 25, 4, 10.21780789
X, 25, 5, 10.303812800000001
X, 25, 6, 10.21574571
X, 25, 7, 10.19209676
X, 25, 8, 10.256041410000002
X, 25, 9, 10.43040275
X, 25, 10, 10.30632973
X, 25, 11, 10.332990989999999
X, 25, 12, 10.27773302
X, 25, 13, 10.314448030000001
X, 25, 14, 10.27797009
X, 25, 15, 10.312403770000001
X, 25, 16, 10.27963336
X, 25, 17, 10.48609946
X, 25, 18, 10.29223984
X, 25, 19, 10.522867490000001
X, 25, 20, 10.3016053
X, 25, 21, 10.324129440000002
X, 25, 22, 10.31382415
X, 25, 23, 10.31077669
X, 25, 24, 10.30319966
X, 26, 0, 20.66535364
X, 26, 1, 20.647460309999996
X, 26, 2, 20.78363801
X, 26, 3, 20.697169999999996
X, 26, 4, 20.69150131
X, 26, 5, 20.74712464
X, 26, 6, 20.72953239
X, 26, 7, 20.63446629
X, 26, 8, 20.65909155
X, 26, 9, 20.7285663
X, 26, 10, 20.774560809999997
X, 26, 11, 20.882595140000003
X, 26, 12, 20.78518411
X, 26, 13, 20.792723319999997
X, 26, 14, 20.773385860000005
X, 26, 15, 20.77705725
X, 26, 16, 20.9533039
X, 26, 17, 20.826030839999998
X, 26, 18, 20.827443950000003
X, 26, 19, 20.787578039999996
X, 26, 20, 20.7778632
X, 26, 21, 21.01618824
X, 26, 22, 20.806619910000002
X, 26, 23, 20.80929903
X, 26, 24, 20.75080585
X, 26, 25, 20.76535053
X, 27, 0, 40.9183183
X, 27, 1, 40.85877456000001
X, 27, 2, 41.04609129
X, 27, 3, 40.86670598999999
X, 27, 4, 41.04148558
X, 27, 5, 40.96953995
X, 27, 6, 40.81193968
X, 27, 7, 40.92075312000001
X, 27, 8, 40.84984695000001
X, 27, 9, 41.00325538
X, 27, 10, 41.127177110000005
X, 27, 11, 41.135647989999995
X, 27, 12, 41.25690438
X, 27, 13, 41.173831869999994
X, 27, 14, 41.29866873
X, 27, 15, 41.21677946
X, 27, 16, 41.134391050000005
X, 27, 17, 41.24738136999999
X, 27, 18, 41.19379478
X, 27, 19, 41.27445321
X, 27, 20, 41.19948413
X, 27, 21, 41.387965060000006
X, 27, 22, 41.27276193
X, 27, 23, 41.178356359999995
X, 27, 24, 41.327955280000005
X, 27, 25, 41.091428580000006
X, 27, 26, 41.14246872
X, 28, 0, 80.53993911999999
X, 28, 1, 80.80357076
X, 28, 2, 80.88983092999999
X, 28, 3, 80.78780218
X, 28, 4, 80.62695458
X, 28, 5, 80.74798616000001
X, 28, 6, 80.48809725
X, 28, 7, 80.56436276999999
X, 28, 8, 80.69977115
X, 28, 9, 80.82878521999999
X, 28, 10, 81.34347677999999
X, 28, 11, 81.47628824
X, 28, 12, 81.46665462
X, 28, 13, 81.54247609000001
X, 28, 14, 81.38347108999999
X, 28, 15, 81.38951614999999
X, 28, 16, 81.31000523000002
X, 28, 17, 81.6244076
X, 28, 18, 81.41936013
X, 28, 19, 81.44656470999999
X, 28, 20, 81.49041410000001
X, 28, 21, 81.39747453
X, 28, 22, 81.49887944999999
X, 28, 23, 81.48964794
X, 28, 24, 81.21214296
X, 28, 25, 81.24519898
X, 28, 26, 81.12099147
X, 28, 27, 81.09409732
X, 29, 0, 160.11823698999999
X, 29, 1, 160.06159231000004
X, 29, 2, 160.09384006000002
X, 29, 3, 160.14693430000003
X, 29, 4, 159.82769506
X, 29, 5, 160.11823687999998
X, 29, 6, 159.60036278
X, 29, 7, 159.69313621
X, 29, 8, 159.98477651000002
X, 29, 9, 160.38007288
X, 29, 10, 161.49029664
X, 29, 11, 161.49972877
X, 29, 12, 161.75937865
X, 29, 13, 162.14084799999998
X, 29, 14, 161.49800080999998
X, 29, 15, 161.49928670000003
X, 29, 16, 161.61143136
X, 29, 17, 161.53651707000003
X, 29, 18, 161.68204542
X, 29, 19, 161.53584737999998
X, 29, 20, 161.65753124
X, 29, 21, 161.66467176
X, 29, 22, 161.73291812
X, 29, 23, 161.70096302000002
X, 29, 24, 161.0111646
X, 29, 25, 160.98382363
X, 29, 26, 161.01734213999998
X, 29, 27, 160.91063744000002
X, 29, 28, 160.97739332
X, 30, 0, 318.34000453
X, 30, 1, 318.49888227
X, 30, 2, 318.34562631
X, 30, 3, 318.4196141
X, 30, 4, 318.07222259
X, 30, 5, 318.54693804
X, 30, 6, 317.61232299
X, 30, 7, 317.77262312
X, 30, 8, 318.29439173000003
X, 30, 9, 318.80462069
X, 30, 10, 321.06293666
X, 30, 11, 321.22661065999995
X, 30, 12, 321.85367519000005
X, 30, 13, 322.20014525
X, 30, 14, 321.45365105
X, 30, 15, 321.47473152000003
X, 30, 16, 321.4843383
X, 30, 17, 321.46878706999996
X, 30, 18, 321.6886349
X, 30, 19, 321.61380084
X, 30, 20, 321.62206489
X, 30, 21, 321.65656966
X, 30, 22, 321.93049092999996
X, 30, 23, 321.73477679
X, 30, 24, 320.24917191000003
X, 30, 25, 320.26929649000004
X, 30, 26, 320.10070861
X, 30, 27, 320.331874
X, 30, 28, 320.06402517
X, 30, 29, 320.13290793000004
X, 31, 0, 634.83942661
X, 31, 1, 634.9449846800001
X, 31, 2, 634.90357685
X, 31, 3, 634.87100466
X, 31, 4, 634.24864587
X, 31, 5, 635.232532
X, 31, 6, 633.46411857
X, 31, 7, 633.8994422999999
X, 31, 8, 634.33230523
X, 31, 9, 635.50682515
X, 31, 10, 640.2851883100001
X, 31, 11, 640.8796074
X, 31, 12, 641.8666705100001
X, 31, 13, 642.63378384
X, 31, 14, 640.69911648
X, 31, 15, 640.81565115
X, 31, 16, 641.1165691099999
X, 31, 17, 640.7470160900001
X, 31, 18, 641.26168941
X, 31, 19, 641.24331364
X, 31, 20, 641.02660502
X, 31, 21, 641.15067513
X, 31, 22, 641.1709899100001
X, 31, 23, 641.22314885
X, 31, 24, 638.48131708
X, 31, 25, 638.3946701100001
X, 31, 26, 638.12988517
X, 31, 27, 638.13715124
X, 31, 28, 638.29110491
X, 31, 29, 638.2676035
X, 31, 30, 638.12194373
X, 32, 0, 1267.27446275
X, 32, 1, 1267.00674303
X, 32, 2, 1267.0779029199998
X, 32, 3, 1267.16820677
X, 32, 4, 1265.96167949
X, 32, 5, 1268.26595369
X, 32, 6, 1264.3724572300002
X, 32, 7, 1265.810611
X, 32, 8, 1266.65594088
X, 32, 9, 1269.00202901
X, 32, 10, 1278.83564371
X, 32, 11, 1279.9691850000002
X, 32, 12, 1282.1401367199999
X, 32, 13, 1283.6244116
X, 32, 14, 1279.41096284
X, 32, 15, 1279.33071539
X, 32, 16, 1279.28321141
X, 32, 17, 1280.02546906
X, 32, 18, 1280.2905259699999
X, 32, 19, 1280.12073329
X, 32, 20, 1280.26619791
X, 32, 21, 1280.26764382
X, 32, 22, 1280.3947326599998
X, 32, 23, 1280.3806527800002
X, 32, 24, 1274.5530189800002
X, 32, 25, 1274.16720622
X, 32, 26, 1274.1745463700001
X, 32, 27, 1274.02715414
X, 32, 28, 1274.13654034
X, 32, 29, 1274.228353
X, 32, 30, 1274.30137152
X, 32, 31, 1274.5350498999999
RX, 24, 0, 1.66535623
RX, 24, 1, 1.7345944899999999
RX, 24, 2, 1.8142882
RX, 24, 3, 1.7509742899999998
RX, 24, 4, 1.81300666
RX, 24, 5, 1.88610954
RX, 24, 6, 1.81612457
RX, 24, 7, 1.81304723
RX, 24, 8, 1.84876865
RX, 24, 9, 1.84743401
RX, 24, 10, 1.83425529
RX, 24, 11, 1.8183007900000001
RX, 24, 12, 1.8424482500000001
RX, 24, 13, 1.8297982199999998
RX, 24, 14, 1.82615961
RX, 24, 15, 1.8158325
RX, 24, 16, 1.8418399699999999
RX, 24, 17, 1.8317836900000002
RX, 24, 18, 1.86475158
RX, 24, 19, 1.87036504
RX, 24, 20, 1.89440848
RX, 24, 21, 1.92437977
RX, 24, 22, 1.9210122900000002
RX, 24, 23, 1.9363314800000002
RX, 25, 0, 10.258862319999999
RX, 25, 1, 10.38257927
RX, 25, 2, 10.23857459
RX, 25, 3, 10.22918663
RX, 25, 4, 10.32517
RX, 25, 5, 10.33339626
RX, 25, 6, 10.36313277
RX, 25, 7, 10.22510496
RX, 25, 8, 10.286865460000001
RX, 25, 9, 10.31462621
RX, 25, 10, 10.340463710000002
RX, 25, 11, 10.468082359999999
RX, 25, 12, 10.364366890000001
RX, 25, 13, 10.32235237
RX, 25, 14, 10.34331893
RX, 25, 15, 10.32429385
RX, 25, 16, 10.35692335
RX, 25, 17, 10.34077804
RX, 25, 18, 10.36623421
RX, 25, 19, 10.351705179999998
RX, 25, 20, 10.34706031
RX, 25, 21, 10.35091397
RX, 25, 22, 10.37225644
RX, 25, 23, 10.360722879999999
RX, 25, 24, 10.46713756
RX, 26, 0, 20.72724782
RX, 26, 1, 20.73678172
RX, 26, 2, 20.91788282
RX, 26, 3, 20.72984793
RX, 26, 4, 20.79892527
RX, 26, 5, 20.80745947
RX, 26, 6, 20.827373370000004
RX, 26, 7, 20.8675865
RX, 26, 8, 20.87383306
RX, 26, 9, 20.80119326
RX, 26, 10, 20.935938850000003
RX, 26, 11, 20.87116448
RX, 26, 12, 21.160972939999997
RX, 26, 13, 20.85198857
RX, 26, 14, 20.87351564
RX, 26, 15, 20.864541490000004
RX, 26, 16, 20.879209529999997
RX, 26, 17, 21.10349261
RX, 26, 18, 20.85596432
RX, 26, 19, 20.88778393
RX, 26, 20, 20.87510246
RX, 26, 21, 20.961583240000003
RX, 26, 22, 20.870163100000003
RX, 26, 23, 20.86638223
RX, 26, 24, 20.964055149999997
RX, 26, 25, 20.86517805
RX, 27, 0, 41.03191293
RX, 27, 1, 40.94069185
RX, 27, 2, 41.04854275
RX, 27, 3, 41.015033620000004
RX, 27, 4, 41.01345401
RX, 27, 5, 41.157062700000004
RX, 27, 6, 40.98267738
RX, 27, 7, 41.09961546
RX, 27, 8, 40.99681765
RX, 27, 9, 41.07793903
RX, 27, 10, 41.44048469
RX, 27, 11, 41.26070667
RX, 27, 12, 41.424106849999994
RX, 27, 13, 41.284126670000006
RX, 27, 14, 41.61166618
RX, 27, 15, 41.26949208
RX, 27, 16, 41.284599789999994
RX, 27, 17, 41.395691389999996
RX, 27, 18, 41.34141432
RX, 27, 19, 41.55058097
RX, 27, 20, 41.43233710999999
RX, 27, 21, 41.30624527
RX, 27, 22, 41.64711928
RX, 27, 23, 41.322491850000006
RX, 27, 24, 41.25823449000001
RX, 27, 25, 41.13485112
RX, 27, 26, 41.08439337
RX, 28, 0, 80.82859225
RX, 28, 1, 81.00295188000001
RX, 28, 2, 80.95391068999999
RX, 28, 3, 80.92298750999998
RX, 28, 4, 81.19247865
RX, 28, 5, 82.65925614
RX, 28, 6, 80.77326475999999
RX, 28, 7, 80.81636590000001
RX, 28, 8, 81.0014537
RX, 28, 9, 81.11835654000001
RX, 28, 10, 81.57511857
RX, 28, 11, 81.9041754
RX, 28, 12, 81.84230805
RX, 28, 13, 81.99222970999999
RX, 28, 14, 81.74074122
RX, 28, 15, 81.56644598
RX, 28, 16, 81.52952041
RX, 28, 17, 81.6481971
RX, 28, 18, 81.70580524
RX, 28, 19, 81.73068622
RX, 28, 20, 81.68078543
RX, 28, 21, 81.70817052
RX, 28, 22, 81.75936118999999
RX, 28, 23, 81.73632875999999
RX, 28, 24, 81.15301619
RX, 28, 25, 81.06034812000001
RX, 28, 26, 80.96793237
RX, 28, 27, 80.94603854
RX, 29, 0, 160.42326946
RX, 29, 1, 160.24061985
RX, 29, 2, 160.52297366000002
RX, 29, 3, 160.37737388
RX, 29, 4, 160.38151411
RX, 29, 5, 163.80782018000002
RX, 29, 6, 160.07184327000002
RX, 29, 7, 160.12028064
RX, 29, 8, 160.96941784999999
RX, 29, 9, 160.80792454000002
RX, 29, 10, 162.331895
RX, 29, 11, 162.16513128999998
RX, 29, 12, 162.27559856999997
RX, 29, 13, 162.52315449000002
RX, 29, 14, 161.92961327
RX, 29, 15, 161.95988551999997
RX, 29, 16, 162.11701348999998
RX, 29, 17, 162.08521943000002
RX, 29, 18, 161.9239958
RX, 29, 19, 162.26188991
RX, 29, 20, 162.01055739
RX, 29, 21, 162.18562529
RX, 29, 22, 162.09792958000003
RX, 29, 23, 162.22609525
RX, 29, 24, 160.54360968
RX, 29, 25, 160.52280439
RX, 29, 26, 160.45746766000002
RX, 29, 27, 160.39034490999998
RX, 29, 28, 160.46739090999998
RX, 30, 0, 318.77368895
RX, 30, 1, 318.99819095000004
RX, 30, 2, 318.98442874
RX, 30, 3, 319.11940778999997
RX, 30, 4, 318.8890447
RX, 30, 5, 323.45270986
RX, 30, 6, 318.08916812999996
RX, 30, 7, 318.86896580999996
RX, 30, 8, 319.15032344
RX, 30, 9, 320.07261501
RX, 30, 10, 322.31252277000004
RX, 30, 11, 322.71377524
RX, 30, 12, 322.99329364999994
RX, 30, 13, 323.26320934999995
RX, 30, 14, 322.18042124999994
RX, 30, 15, 322.18386399
RX, 30, 16, 322.32977132
RX, 30, 17, 322.06904012999996
RX, 30, 18, 322.08823171
RX, 30, 19, 322.42568825
RX, 30, 20, 322.30742346
RX, 30, 21, 322.09412871
RX, 30, 22, 322.82611321999997
RX, 30, 23, 322.3300456
RX, 30, 24, 319.50178131
RX, 30, 25, 318.96744022
RX, 30, 26, 318.97504811
RX, 30, 27, 318.9529871
RX, 30, 28, 318.89461678
RX, 30, 29, 318.99922277999997
RX, 31, 0, 635.47680297
RX, 31, 1, 635.53345424
RX, 31, 2, 635.5800027299999
RX, 31, 3, 635.85735611
RX, 31, 4, 635.5686805800001
RX, 31, 5, 638.3031931800001
RX, 31, 6, 634.1391860800001
RX, 31, 7, 635.1172819
RX, 31, 8, 636.52935112
RX, 31, 9, 637.39289423
RX, 31, 10, 642.75153133
RX, 31, 11, 643.16349644
RX, 31, 12, 644.0098916
RX, 31, 13, 644.7631909099999
RX, 31, 14, 642.3619124600001
RX, 31, 15, 642.36041693
RX, 31, 16, 642.3372122899999
RX, 31, 17, 642.2961765399999
RX, 31, 18, 642.53625361
RX, 31, 19, 642.4557084099999
RX, 31, 20, 642.67001802
RX, 31, 21, 642.49054925
RX, 31, 22, 642.5513615
RX, 31, 23, 642.9450636800001
RX, 31, 24, 636.27541263
RX, 31, 25, 635.83842119
RX, 31, 26, 635.82663135
RX, 31, 27, 636.8619103999999
RX, 31, 28, 635.8757052000001
RX, 31, 29, 635.77759255
RX, 31, 30, 635.77793692
RX, 32, 0, 1268.44569776
RX, 32, 1, 1268.81046116
RX, 32, 2, 1268.7138584299998
RX, 32, 3, 1268.48857607
RX, 32, 4, 1268.56794405
RX, 32, 5, 1269.63591084
RX, 32, 6, 1267.1374177100001
RX, 32, 7, 1267.82407702
RX, 32, 8, 1270.43739943
RX, 32, 9, 1272.4785563300002
RX, 32, 10, 1283.33065959
RX, 32, 11, 1283.8793894899998
RX, 32, 12, 1285.88373301
RX, 32, 13, 1287.4561919199998
RX, 32, 14, 1282.63621911
RX, 32, 15, 1282.1882980999999
RX, 32, 16, 1282.11657695
RX, 32, 17, 1282.26888978
RX, 32, 18, 1282.2504739499998
RX, 32, 19, 1282.18595414
RX, 32, 20, 1283.52874265
RX, 32, 21, 1282.82188724
RX, 32, 22, 1282.8486337999998
RX, 32, 23, 1284.0786232700002
RX, 32, 24, 1269.92903755
RX, 32, 25, 1269.85099376
RX, 32, 26, 1269.1007812199998
RX, 32, 27, 1269.02918972
RX, 32, 28, 1269.21257578
RX, 32, 29, 1268.926115
RX, 32, 30, 1269.07629327
RX, 32, 31, 1269.2804678300001
RY, 24, 0, 1.6990790999999998
RY, 24, 1, 1.7341747499999998
RY, 24, 2, 1.7708980799999998
RY, 24, 3, 1.75898625
RY, 24, 4, 1.7708024999999998
RY, 24, 5, 1.92236686
RY, 24, 6, 1.8045081099999998
RY, 24, 7, 1.8202442899999998
RY, 24, 8, 1.84044154
RY, 24, 9, 1.8484163900000001
RY, 24, 10, 1.83871155
RY, 24, 11, 1.81463833
RY, 24, 12, 1.8474818100000001
RY, 24, 13, 1.8118448100000002
RY, 24, 14, 1.9036304300000002
RY, 24, 15, 1.8267530200000002
RY, 24, 16, 1.79417084
RY, 24, 17, 1.85640935
RY, 24, 18, 1.9078099400000001
RY, 24, 19, 1.9268219500000001
RY, 24, 20, 1.9138908
RY, 24, 21, 1.9288834699999997
RY, 24, 22, 1.9786989699999997
RY, 24, 23, 1.9562764799999997
RY, 25, 0, 10.249761059999999
RY, 25, 1, 10.230941510000001
RY, 25, 2, 10.262281810000001
RY, 25, 3, 10.31631532
RY, 25, 4, 10.59729902
RY, 25, 5, 10.454328369999999
RY, 25, 6, 10.31734952
RY, 25, 7, 10.254367989999999
RY, 25, 8, 10.288333569999999
RY, 25, 9, 10.369917189999999
RY, 25, 10, 10.34074307
RY, 25, 11, 10.3332402
RY, 25, 12, 10.33902016
RY, 25, 13, 10.608340590000001
RY, 25, 14, 10.36363206
RY, 25, 15, 10.34669989
RY, 25, 16, 10.32168467
RY, 25, 17, 10.341553280000001
RY, 25, 18, 10.371373290000001
RY, 25, 19, 10.37179868
RY, 25, 20, 10.365601490000001
RY, 25, 21, 10.339337099999998
RY, 25, 22, 10.35474735
RY, 25, 23, 10.59727257
RY, 25, 24, 10.36454692
RY, 26, 0, 20.693386800000003
RY, 26, 1, 20.69071437
RY, 26, 2, 20.70356061
RY, 26, 3, 20.69097265
RY, 26, 4, 20.799223740000002
RY, 26, 5, 20.76427503
RY, 26, 6, 20.79741189
RY, 26, 7, 20.69730697
RY, 26, 8, 20.87507837
RY, 26, 9, 20.76085655
RY, 26, 10, 20.83673456
RY, 26, 11, 20.84260526
RY, 26, 12, 20.88198849
RY, 26, 13, 20.975257730000003
RY, 26, 14, 20.923856299999997
RY, 26, 15, 20.877322109999998
RY, 26, 16, 20.873083110000003
RY, 26, 17, 20.873133789999997
RY, 26, 18, 20.94391773
RY, 26, 19, 20.85655984
RY, 26, 20, 20.99985535
RY, 26, 21, 20.88205958
RY, 26, 22, 20.88634319
RY, 26, 23, 21.127737930000002
RY, 26, 24, 20.825235929999998
RY, 26, 25, 20.840643769999996
RY, 27, 0, 40.889029189999995
RY, 27, 1, 41.116707410000004
RY, 27, 2, 40.92651496
RY, 27, 3, 40.988756640000005
RY, 27, 4, 41.026941040000004
RY, 27, 5, 41.12552161
RY, 27, 6, 41.08243627
RY, 27, 7, 40.930084859999994
RY, 27, 8, 41.22237381
RY, 27, 9, 41.09437956
RY, 27, 10, 41.359669759999996
RY, 27, 11, 41.26970892
RY, 27, 12, 41.33268003999999
RY, 27, 13, 41.47307499
RY, 27, 14, 41.2680945
RY, 27, 15, 41.563559479999995
RY, 27, 16, 41.24943719
RY, 27, 17, 41.35402532999999
RY, 27, 18, 41.361407019999994
RY, 27, 19, 41.34799905999999
RY, 27, 20, 41.464298340000006
RY, 27, 21, 41.38087022
RY, 27, 22, 41.48486128
RY, 27, 23, 41.34277388
RY, 27, 24, 41.220266079999995
RY, 27, 25, 41.25361221000001
RY, 27, 26, 41.12218251
RY, 28, 0, 80.84519497000001
RY, 28, 1, 80.89485059
RY, 28, 2, 80.85705317
RY, 28, 3, 80.82930037000001
RY, 28, 4, 80.92286873999998
RY, 28, 5, 82.62005395999999
RY, 28, 6, 81.12615366
RY, 28, 7, 80.88822898000001
RY, 28, 8, 81.13462007000001
RY, 28, 9, 81.09726749
RY, 28, 10, 81.66414187000001
RY, 28, 11, 81.92433253
RY, 28, 12, 81.89263552
RY, 28, 13, 81.93275507999999
RY, 28, 14, 81.56377461
RY, 28, 15, 81.78290303
RY, 28, 16, 81.60905160000002
RY, 28, 17, 81.64818037
RY, 28, 18, 81.63297225000001
RY, 28, 19, 81.65060156
RY, 28, 20, 81.64487946
RY, 28, 21, 81.70041083999999
RY, 28, 22, 81.88925689999999
RY, 28, 23, 81.97530825999999
RY, 28, 24, 81.01223992999999
RY, 28, 25, 80.98837445
RY, 28, 26, 81.11320418
RY, 28, 27, 81.03122493000001
RY, 29, 0, 160.45933026
RY, 29, 1, 160.33545132
RY, 29, 2, 160.57189959
RY, 29, 3, 160.40428169999998
RY, 29, 4, 160.45843498000002
RY, 29, 5, 163.15725869
RY, 29, 6, 160.07014711
RY, 29, 7, 160.1210121
RY, 29, 8, 160.58184243999997
RY, 29, 9, 161.00943661
RY, 29, 10, 162.35667696000002
RY, 29, 11, 162.11804614999997
RY, 29, 12, 162.43807418
RY, 29, 13, 162.59105341000003
RY, 29, 14, 162.04312482999998
RY, 29, 15, 162.01956237000002
RY, 29, 16, 161.93771209000002
RY, 29, 17, 162.13527483000001
RY, 29, 18, 162.40837151000002
RY, 29, 19, 161.96351471
RY, 29, 20, 162.14130585
RY, 29, 21, 162.43110973
RY, 29, 22, 162.00001912000002
RY, 29, 23, 162.14132594
RY, 29, 24, 160.78238318
RY, 29, 25, 161.02858603
RY, 29, 26, 160.90623247
RY, 29, 27, 160.60784747
RY, 29, 28, 160.70236063
RY, 30, 0, 319.16939775
RY, 30, 1, 319.12184655000004
RY, 30, 2, 318.96996517
RY, 30, 3, 319.11731331
RY, 30, 4, 318.95039951
RY, 30, 5, 322.74212995
RY, 30, 6, 318.02750339
RY, 30, 7, 318.57367225
RY, 30, 8, 319.31693046
RY, 30, 9, 319.88163631
RY, 30, 10, 322.31034903
RY, 30, 11, 322.69560963000004
RY, 30, 12, 323.11125753
RY, 30, 13, 323.44253186000003
RY, 30, 14, 322.5220353
RY, 30, 15, 322.36500767999996
RY, 30, 16, 322.34800079999997
RY, 30, 17, 322.51913521
RY, 30, 18, 322.42534542999994
RY, 30, 19, 322.39353764
RY, 30, 20, 322.47855554
RY, 30, 21, 322.31527399
RY, 30, 22, 322.44708994
RY, 30, 23, 322.44756696999997
RY, 30, 24, 319.19122123
RY, 30, 25, 319.0059119
RY, 30, 26, 318.93196505
RY, 30, 27, 319.10991151
RY, 30, 28, 319.05315509999997
RY, 30, 29, 318.9595892
RY, 31, 0, 635.5945928
RY, 31, 1, 635.54295999
RY, 31, 2, 635.61636429
RY, 31, 3, 635.51102546
RY, 31, 4, 635.53669218
RY, 31, 5, 638.15300069
RY, 31, 6, 634.07675667
RY, 31, 7, 635.2768869700001
RY, 31, 8, 636.60207801
RY, 31, 9, 637.57473424
RY, 31, 10, 642.73261641
RY, 31, 11, 643.30870006
RY, 31, 12, 644.2794515200001
RY, 31, 13, 644.63410469
RY, 31, 14, 642.2855445800001
RY, 31, 15, 642.57774133
RY, 31, 16, 642.1181463700001
RY, 31, 17, 642.56582401
RY, 31, 18, 642.7035534600001
RY, 31, 19, 642.39689392
RY, 31, 20, 642.2024627999999
RY, 31, 21, 642.43647935
RY, 31, 22, 642.72326793
RY, 31, 23, 642.64169133
RY, 31, 24, 635.5848883099999
RY, 31, 25, 635.81991508
RY, 31, 26, 635.81660599
RY, 31, 27, 635.6911176599999
RY, 31, 28, 635.9046224900001
RY, 31, 29, 635.74543561
RY, 31, 30, 635.73839852
RY, 32, 0, 1268.9783271899998
RY, 32, 1, 1268.5107418900002
RY, 32, 2, 1268.56382986
RY, 32, 3, 1268.53398672
RY, 32, 4, 1268.63825432
RY, 32, 5, 1269.96878108
RY, 32, 6, 1266.0359436100002
RY, 32, 7, 1268.05016899
RY, 32, 8, 1270.9131711000002
RY, 32, 9, 1272.47358448
RY, 32, 10, 1283.0980538899998
RY, 32, 11, 1284.16566464
RY, 32, 12, 1286.21388714
RY, 32, 13, 1286.70942713
RY, 32, 14, 1282.14207917
RY, 32, 15, 1281.92144219
RY, 32, 16, 1282.28209742
RY, 32, 17, 1282.6081175
RY, 32, 18, 1283.14185867
RY, 32, 19, 1282.4423389500002
RY, 32, 20, 1282.71096025
RY, 32, 21, 1282.49049228
RY, 32, 22, 1282.65596294
RY, 32, 23, 1282.91512505
RY, 32, 24, 1268.6114771900002
RY, 32, 25, 1268.70670669
RY, 32, 26, 1268.5471324300001
RY, 32, 27, 1268.9379250299999
RY, 32, 28, 1268.52724568
RY, 32, 29, 1268.5851796599998
RY, 32, 30, 1268.61640944
RY, 32, 31, 1268.7779509700001
RZ, 24, 0, 1.76958689
RZ, 24, 1, 1.79685087
RZ, 24, 2, 1.81842169
RZ, 24, 3, 1.8118474500000001
RZ, 24, 4, 1.83427429
RZ, 24, 5, 1.86422077
RZ, 24, 6, 1.80651266
RZ, 24, 7, 1.82863422
RZ, 24, 8, 1.86086462
RZ, 24, 9, 1.8076452
RZ, 24, 10, 2.09036573
RZ, 24, 11, 1.85897704
RZ, 24, 12, 1.8351650800000001
RZ, 24, 13, 1.8355429
RZ, 24, 14, 1.8271420999999999
RZ, 24, 15, 1.84112256
RZ, 24, 16, 1.82340493
RZ, 24, 17, 1.87217321
RZ, 24, 18, 1.8816757
RZ, 24, 19, 1.8938349099999998
RZ, 24, 20, 1.92228175
RZ, 24, 21, 1.9461813799999998
RZ, 24, 22, 1.9234953399999999
RZ, 24, 23, 1.9060439100000002
RZ, 25, 0, 10.23832091
RZ, 25, 1, 10.267722960000002
RZ, 25, 2, 10.2684827
RZ, 25, 3, 10.24033715
RZ, 25, 4, 10.256971440000001
RZ, 25, 5, 10.31600577
RZ, 25, 6, 10.19896458
RZ, 25, 7, 10.41591836
RZ, 25, 8, 10.300993089999999
RZ, 25, 9, 10.394660239999999
RZ, 25, 10, 10.30667686
RZ, 25, 11, 10.28340172
RZ, 25, 12, 10.30876773
RZ, 25, 13, 10.32162757
RZ, 25, 14, 10.304724199999999
RZ, 25, 15, 10.30845036
RZ, 25, 16, 10.567125589999998
RZ, 25, 17, 10.32413656
RZ, 25, 18, 10.34367324
RZ, 25, 19, 10.33224353
RZ, 25, 20, 10.325876979999999
RZ, 25, 21, 10.31996881
RZ, 25, 22, 10.346681559999999
RZ, 25, 23, 10.34298749
RZ, 25, 24, 10.325970989999998
RZ, 26, 0, 21.038818350000003
RZ, 26, 1, 20.73368645
RZ, 26, 2, 20.69000142
RZ, 26, 3, 20.66678642
RZ, 26, 4, 20.73938544
RZ, 26, 5, 21.08789131
RZ, 26, 6, 20.69254747
RZ, 26, 7, 20.657564000000004
RZ, 26, 8, 20.760194570000003
RZ, 26, 9, 20.93067903
RZ, 26, 10, 21.072984350000002
RZ, 26, 11, 20.861013879999998
RZ, 26, 12, 20.86278925
RZ, 26, 13, 20.81297252
RZ, 26, 14, 20.80370039
RZ, 26, 15, 21.048204130000002
RZ, 26, 16, 20.801791559999998
RZ, 26, 17, 20.83797246
RZ, 26, 18, 20.821305549999998
RZ, 26, 19, 21.04834945
RZ, 26, 20, 20.8455505
RZ, 26, 21, 20.81739404
RZ, 26, 22, 20.82679898
RZ, 26, 23, 20.831195839999996
RZ, 26, 24, 20.99693382
RZ, 26, 25, 20.763349
RZ, 27, 0, 40.82886024999999
RZ, 27, 1, 41.159044140000006
RZ, 27, 2, 41.1155223
RZ, 27, 3, 40.88465109999999
RZ, 27, 4, 41.00416059
RZ, 27, 5, 41.156752
RZ, 27, 6, 40.925982479999995
RZ, 27, 7, 40.850077660000004
RZ, 27, 8, 40.92550402
RZ, 27, 9, 41.33405551
RZ, 27, 10, 41.321268939999996
RZ, 27, 11, 41.33503891
RZ, 27, 12, 41.24366109
RZ, 27, 13, 41.44401488
RZ, 27, 14, 41.247152920000005
RZ, 27, 15, 41.23423579
RZ, 27, 16, 41.32698203
RZ, 27, 17, 41.30045214
RZ, 27, 18, 41.396450820000005
RZ, 27, 19, 41.29893729
RZ, 27, 20, 41.23034198
RZ, 27, 21, 41.424863710000004
RZ, 27, 22, 41.235531
RZ, 27, 23, 41.45132972
RZ, 27, 24, 44.18895199999999
RZ, 27, 25, 45.073998509999996
RZ, 27, 26, 41.14487597
RZ, 28, 0, 80.94259418
RZ, 28, 1, 80.7494835
RZ, 28, 2, 80.7304761
RZ, 28, 3, 81.00491516
RZ, 28, 4, 80.75124824999999
RZ, 28, 5, 81.09708792999999
RZ, 28, 6, 80.42987434
RZ, 28, 7, 80.39697192
RZ, 28, 8, 80.71268407
RZ, 28, 9, 81.7476607
RZ, 28, 10, 81.88352548
RZ, 28, 11, 81.74940567
RZ, 28, 12, 81.92078027000001
RZ, 28, 13, 81.63998303
RZ, 28, 14, 81.44779162
RZ, 28, 15, 81.63532936
RZ, 28, 16, 81.53916206000001
RZ, 28, 17, 81.50006877999999
RZ, 28, 18, 81.50120754
RZ, 28, 19, 81.57196925999999
RZ, 28, 20, 81.58591734
RZ, 28, 21, 81.74851337
RZ, 28, 22, 81.5286888
RZ, 28, 23, 81.56995999
RZ, 28, 24, 81.20355898999999
RZ, 28, 25, 81.20764328
RZ, 28, 26, 81.29448961
RZ, 28, 27, 81.11620243
RZ, 29, 0, 160.07543199000003
RZ, 29, 1, 160.38567774
RZ, 29, 2, 160.16314728
RZ, 29, 3, 160.22024195
RZ, 29, 4, 160.3056163
RZ, 29, 5, 160.73828400000002
RZ, 29, 6, 159.56158771
RZ, 29, 7, 159.66280249000002
RZ, 29, 8, 160.12044393
RZ, 29, 9, 161.19227765000002
RZ, 29, 10, 162.49177715
RZ, 29, 11, 162.32828562
RZ, 29, 12, 162.57029648
RZ, 29, 13, 162.51126674000002
RZ, 29, 14, 161.98396073
RZ, 29, 15, 161.69695673
RZ, 29, 16, 161.67560142
RZ, 29, 17, 161.87943331
RZ, 29, 18, 161.89506647000002
RZ, 29, 19, 161.66293113999998
RZ, 29, 20, 161.86365550000002
RZ, 29, 21, 161.77448975
RZ, 29, 22, 162.01992269000002
RZ, 29, 23, 161.78895341
RZ, 29, 24, 160.89003874
RZ, 29, 25, 161.03224135000002
RZ, 29, 26, 160.97282883999998
RZ, 29, 27, 160.93600005
RZ, 29, 28, 161.11858505
RZ, 30, 0, 318.64246109
RZ, 30, 1, 319.01004171000005
RZ, 30, 2, 318.42893849999996
RZ, 30, 3, 318.32246734
RZ, 30, 4, 318.33196524
RZ, 30, 5, 319.90220483
RZ, 30, 6, 317.09802444
RZ, 30, 7, 317.1420655
RZ, 30, 8, 318.31262599999997
RZ, 30, 9, 319.35684999999995
RZ, 30, 10, 323.14619647999996
RZ, 30, 11, 323.24970600999995
RZ, 30, 12, 323.96380163000003
RZ, 30, 13, 323.52785275
RZ, 30, 14, 321.94464439999996
RZ, 30, 15, 321.79242940999995
RZ, 30, 16, 322.10956846
RZ, 30, 17, 321.65593989
RZ, 30, 18, 322.03037201999996
RZ, 30, 19, 321.94807962
RZ, 30, 20, 321.93040517
RZ, 30, 21, 321.73975955000003
RZ, 30, 22, 321.90360856
RZ, 30, 23, 321.9696448
RZ, 30, 24, 320.23808495
RZ, 30, 25, 320.23129709000006
RZ, 30, 26, 320.29180274
RZ, 30, 27, 319.97236831
RZ, 30, 28, 320.30254915999996
RZ, 30, 29, 320.05619543
RZ, 31, 0, 635.45040078
RZ, 31, 1, 635.48688044
RZ, 31, 2, 634.92828857
RZ, 31, 3, 634.7470465800001
RZ, 31, 4, 634.2635329899999
RZ, 31, 5, 637.0552904599999
RZ, 31, 6, 632.7156550899999
RZ, 31, 7, 632.39243432
RZ, 31, 8, 635.4376120400001
RZ, 31, 9, 637.63307106
RZ, 31, 10, 644.4072023699999
RZ, 31, 11, 644.75571781
RZ, 31, 12, 645.880046
RZ, 31, 13, 645.20460649
RZ, 31, 14, 641.9993804000001
RZ, 31, 15, 641.7175148299999
RZ, 31, 16, 641.79064071
RZ, 31, 17, 641.65848895
RZ, 31, 18, 641.7372543700001
RZ, 31, 19, 641.60844994
RZ, 31, 20, 641.55762372
RZ, 31, 21, 641.6598816
RZ, 31, 22, 641.87020889
RZ, 31, 23, 642.0160980400001
RZ, 31, 24, 638.34730065
RZ, 31, 25, 638.38815774
RZ, 31, 26, 637.9954396600001
RZ, 31, 27, 638.07454035
RZ, 31, 28, 638.11663275
RZ, 31, 29, 638.04618908
RZ, 31, 30, 638.2910134
RZ, 32, 0, 1268.60737018
RZ, 32, 1, 1268.55199381
RZ, 32, 2, 1267.06460339
RZ, 32, 3, 1266.88597328
RZ, 32, 4, 1265.8748927899999
RZ, 32, 5, 1269.1329956499999
RZ, 32, 6, 1262.89656874
RZ, 32, 7, 1262.68668238
RZ, 32, 8, 1268.45829865
RZ, 32, 9, 1275.59578458
RZ, 32, 10, 1286.2603585
RZ, 32, 11, 1287.34512183
RZ, 32, 12, 1289.55397453
RZ, 32, 13, 1288.33397703
RZ, 32, 14, 1281.5173121999999
RZ, 32, 15, 1281.2357612299998
RZ, 32, 16, 1281.1890932899998
RZ, 32, 17, 1280.8520554
RZ, 32, 18, 1281.18876323
RZ, 32, 19, 1280.97455185
RZ, 32, 20, 1281.24964887
RZ, 32, 21, 1281.38241062
RZ, 32, 22, 1281.37897661
RZ, 32, 23, 1281.98460039
RZ, 32, 24, 1274.44549272
RZ, 32, 25, 1274.52998374
RZ, 32, 26, 1273.61868125
RZ, 32, 27, 1273.92268416
RZ, 32, 28, 1273.60997215
RZ, 32, 29, 1273.4881935
RZ, 32, 30, 1273.67390394
RZ, 32, 31, 1273.56425654
U1, 24, 0, 1.7062161200000001
U1, 24, 1, 1.73390661
U1, 24, 2, 1.76616372
U1, 24, 3, 1.77094778
U1, 24, 4, 1.74137453
U1, 24, 5, 1.88886354
U1, 24, 6, 1.81250815
U1, 24, 7, 1.83536562
U1, 24, 8, 1.83711143
U1, 24, 9, 1.8204804399999999
U1, 24, 10, 1.8251155899999998
U1, 24, 11, 1.8086944799999998
U1, 24, 12, 1.84539969
U1, 24, 13, 1.85235232
U1, 24, 14, 1.82820875
U1, 24, 15, 1.80972204
U1, 24, 16, 1.83842484
U1, 24, 17, 1.8275386800000002
U1, 24, 18, 1.9057918600000001
U1, 24, 19, 1.89548121
U1, 24, 20, 2.01019714
U1, 24, 21, 1.99866536
U1, 24, 22, 1.9177178000000001
U1, 24, 23, 1.8998790199999998
U1, 25, 0, 10.2314463
U1, 25, 1, 10.25115255
U1, 25, 2, 10.24217704
U1, 25, 3, 10.2523614
U1, 25, 4, 10.30756669
U1, 25, 5, 10.32020309
U1, 25, 6, 10.33207794
U1, 25, 7, 10.23654035
U1, 25, 8, 10.492945010000001
U1, 25, 9, 10.32377787
U1, 25, 10, 10.3247837
U1, 25, 11, 10.360594460000002
U1, 25, 12, 10.31432251
U1, 25, 13, 10.34404607
U1, 25, 14, 10.33041476
U1, 25, 15, 10.3664234
U1, 25, 16, 10.33666222
U1, 25, 17, 10.59113696
U1, 25, 18, 10.3477358
U1, 25, 19, 10.34889011
U1, 25, 20, 10.37116481
U1, 25, 21, 10.34594761
U1, 25, 22, 10.3604327
U1, 25, 23, 10.34967411
U1, 25, 24, 10.491109569999999
U1, 26, 0, 20.70977177
U1, 26, 1, 20.87495427
U1, 26, 2, 20.69758528
U1, 26, 3, 20.685275930000003
U1, 26, 4, 20.768570070000003
U1, 26, 5, 20.77405474
U1, 26, 6, 20.799518539999998
U1, 26, 7, 20.73568458
U1, 26, 8, 20.76743805
U1, 26, 9, 21.023177529999998
U1, 26, 10, 21.019531219999998
U1, 26, 11, 20.86920779
U1, 26, 12, 20.85553729
U1, 26, 13, 20.866558999999995
U1, 26, 14, 20.873462040000003
U1, 26, 15, 21.1049841
U1, 26, 16, 20.86800211
U1, 26, 17, 20.871237009999998
U1, 26, 18, 20.882811659999998
U1, 26, 19, 20.903666740000002
U1, 26, 20, 21.010097299999998
U1, 26, 21, 20.87455831
U1, 26, 22, 20.87876965
U1, 26, 23, 20.867887779999997
U1, 26, 24, 20.8539444
U1, 26, 25, 21.110782330000003
U1, 27, 0, 40.914360900000005
U1, 27, 1, 41.01791434
U1, 27, 2, 40.946310239999995
U1, 27, 3, 40.973472029999996
U1, 27, 4, 41.17444052
U1, 27, 5, 40.98512866
U1, 27, 6, 41.29400165
U1, 27, 7, 40.94876531
U1, 27, 8, 41.06920089
U1, 27, 9, 41.344779259999996
U1, 27, 10, 41.26948346
U1, 27, 11, 41.5078887
U1, 27, 12, 41.2888914
U1, 27, 13, 41.27395394
U1, 27, 14, 41.423333510000006
U1, 27, 15, 41.267381199999996
U1, 27, 16, 41.54397829
U1, 27, 17, 41.45176512
U1, 27, 18, 41.605449109999995
U1, 27, 19, 41.34257343
U1, 27, 20, 41.326709619999995
U1, 27, 21, 41.65938963
U1, 27, 22, 41.36191529
U1, 27, 23, 41.617112719999994
U1, 27, 24, 41.18456269
U1, 27, 25, 41.106123309999994
U1, 27, 26, 41.32271824
U1, 28, 0, 80.88717656
U1, 28, 1, 80.83040371
U1, 28, 2, 80.94549319000001
U1, 28, 3, 80.90377194000001
U1, 28, 4, 81.10670416
U1, 28, 5, 80.87040254
U1, 28, 6, 80.74377976
U1, 28, 7, 80.77273008
U1, 28, 8, 81.18184600999999
U1, 28, 9, 81.34413647000001
U1, 28, 10, 81.63066935
U1, 28, 11, 81.70834079
U1, 28, 12, 81.77457635
U1, 28, 13, 82.0376877
U1, 28, 14, 81.68099572999999
U1, 28, 15, 81.6724372
U1, 28, 16, 81.68690185999999
U1, 28, 17, 81.56438374000001
U1, 28, 18, 81.66602614
U1, 28, 19, 81.82959321999999
U1, 28, 20, 82.58240232
U1, 28, 21, 90.53413019000001
U1, 28, 22, 90.26187204
U1, 28, 23, 90.06431399
U1, 28, 24, 92.58594984
U1, 28, 25, 91.47193163
U1, 28, 26, 92.09306776999999
U1, 28, 27, 82.74743108999999
U1, 29, 0, 160.46627537
U1, 29, 1, 160.46689914
U1, 29, 2, 160.65968876
U1, 29, 3, 160.52424123
U1, 29, 4, 160.48924749000003
U1, 29, 5, 163.44518839
U1, 29, 6, 160.27230893
U1, 29, 7, 160.28830241000003
U1, 29, 8, 160.66175585
U1, 29, 9, 160.89297307
U1, 29, 10, 162.19615319
U1, 29, 11, 162.40028112000002
U1, 29, 12, 162.27124448
U1, 29, 13, 162.57247260999998
U1, 29, 14, 161.97350263
U1, 29, 15, 162.32917475
U1, 29, 16, 162.12215024999998
U1, 29, 17, 162.06803724
U1, 29, 18, 162.04752347
U1, 29, 19, 162.19559072
U1, 29, 20, 162.05592087
U1, 29, 21, 162.28902970000001
U1, 29, 22, 162.16786143000002
U1, 29, 23, 162.29419275
U1, 29, 24, 160.64683752
U1, 29, 25, 160.54774530999998
U1, 29, 26, 160.58033917
U1, 29, 27, 160.53258637999997
U1, 29, 28, 160.58953576000002
U1, 30, 0, 319.16575413
U1, 30, 1, 319.14218926
U1, 30, 2, 319.1532185
U1, 30, 3, 319.20563505
U1, 30, 4, 319.05620179
U1, 30, 5, 324.26724028999996
U1, 30, 6, 318.44422562999995
U1, 30, 7, 318.99731386999997
U1, 30, 8, 319.49797048
U1, 30, 9, 319.90441549999997
U1, 30, 10, 322.80627361
U1, 30, 11, 322.6747236
U1, 30, 12, 323.10491845
U1, 30, 13, 323.35417721
U1, 30, 14, 322.56663363
U1, 30, 15, 322.27167968000003
U1, 30, 16, 322.62539253
U1, 30, 17, 322.34686717000005
U1, 30, 18, 322.53444201
U1, 30, 19, 322.22069113000003
U1, 30, 20, 322.44201193
U1, 30, 21, 322.23363995
U1, 30, 22, 322.45659265
U1, 30, 23, 322.43003001
U1, 30, 24, 319.17806773
U1, 30, 25, 319.16214544999997
U1, 30, 26, 319.33783941
U1, 30, 27, 319.08920634
U1, 30, 28, 319.15173727
U1, 30, 29, 319.08838965
U1, 31, 0, 635.51402425
U1, 31, 1, 635.66279802
U1, 31, 2, 635.8812284999999
U1, 31, 3, 635.6604982
U1, 31, 4, 635.9000357799999
U1, 31, 5, 638.49329136
U1, 31, 6, 634.697371
U1, 31, 7, 635.50242794
U1, 31, 8, 636.61216682
U1, 31, 9, 637.63995898
U1, 31, 10, 642.74105188
U1, 31, 11, 643.08276348
U1, 31, 12, 643.90818628
U1, 31, 13, 644.69602922
U1, 31, 14, 642.66683829
U1, 31, 15, 642.55393218
U1, 31, 16, 642.5421132399999
U1, 31, 17, 642.42639688
U1, 31, 18, 642.55367825
U1, 31, 19, 642.48054684
U1, 31, 20, 642.64958836
U1, 31, 21, 642.6558429199999
U1, 31, 22, 642.62752637
U1, 31, 23, 642.6094789499999
U1, 31, 24, 636.03188975
U1, 31, 25, 635.9412827100001
U1, 31, 26, 635.9016208300001
U1, 31, 27, 635.90253456
U1, 31, 28, 635.94524962
U1, 31, 29, 636.57406054
U1, 31, 30, 635.9355505799999
U1, 32, 0, 1284.36869396
U1, 32, 1, 1269.0008663899998
U1, 32, 2, 1268.82930609
U1, 32, 3, 1268.8607549300002
U1, 32, 4, 1268.96459286
U1, 32, 5, 1270.3815543300002
U1, 32, 6, 1266.213537
U1, 32, 7, 1267.91964312
U1, 32, 8, 1270.98890521
U1, 32, 9, 1272.52128122
U1, 32, 10, 1283.29182534
U1, 32, 11, 1284.41081653
U1, 32, 12, 1285.98831935
U1, 32, 13, 1287.1886842500003
U1, 32, 14, 1282.68242127
U1, 32, 15, 1282.28806078
U1, 32, 16, 1283.01558543
U1, 32, 17, 1282.18599818
U1, 32, 18, 1282.57301201
U1, 32, 19, 1282.76546714
U1, 32, 20, 1282.62904401
U1, 32, 21, 1282.4804101199998
U1, 32, 22, 1283.14664303
U1, 32, 23, 1283.34943328
U1, 32, 24, 1269.16957099
U1, 32, 25, 1270.3905461900001
U1, 32, 26, 1271.85663755
U1, 32, 27, 1269.3448632099999
U1, 32, 28, 1269.08392137
U1, 32, 29, 1269.4154155600002
U1, 32, 30, 1270.05361051
U1, 32, 31, 1269.69435036
CX, 24, 0, 1.83675849
CX, 24, 1, 1.8322027699999999
CX, 24, 2, 1.35193051
CX, 24, 3, 1.21286949
CX, 24, 4, 1.25929167
CX, 24, 5, 1.64366069
CX, 24, 6, 1.3683295500000001
CX, 24, 7, 1.3623412200000002
CX, 24, 8, 1.0439184099999999
CX, 24, 9, 0.78617826
CX, 24, 10, 0.78296979
CX, 24, 11, 0.78526043
CX, 24, 12, 0.7879799799999999
CX, 24, 13, 0.7807552099999999
CX, 24, 14, 0.77950323
CX, 24, 15, 0.78057977
CX, 24, 16, 0.82871027
CX, 24, 17, 0.80681863
CX, 24, 18, 0.80737779
CX, 24, 19, 0.8142226499999999
CX, 24, 20, 0.81812002
CX, 24, 21, 0.82179668
CX, 24, 22, 0.8378775199999999
CX, 24, 23, 0.82826623
CX, 25, 0, 10.27469737
CX, 25, 1, 10.220678020000001
CX, 25, 2, 6.11657604
CX, 25, 3, 5.6297891600000005
CX, 25, 4, 5.91127545
CX, 25, 5, 7.813290049999999
CX, 25, 6, 5.59241361
CX, 25, 7, 6.24522565
CX, 25, 8, 3.1862081
CX, 25, 9, 3.62612145
CX, 25, 10, 2.57222285
CX, 25, 11, 2.5481563000000005
CX, 25, 12, 2.40609802
CX, 25, 13, 2.30874765
CX, 25, 14, 2.26069951
CX, 25, 15, 2.2545094900000002
CX, 25, 16, 2.2346641299999996
CX, 25, 17, 2.25957818
CX, 25, 18, 2.21898936
CX, 25, 19, 2.2780990400000003
CX, 25, 20, 2.2528497599999997
CX, 25, 21, 2.2650884099999997
CX, 25, 22, 2.2690418
CX, 25, 23, 2.30678202
CX, 25, 24, 2.28671595
CX, 26, 0, 20.82912343
CX, 26, 1, 20.815705819999998
CX, 26, 2, 11.63254793
CX, 26, 3, 11.32270957
CX, 26, 4, 11.537562229999999
CX, 26, 5, 15.816912380000003
CX, 26, 6, 14.282320829999998
CX, 26, 7, 12.680471879999999
CX, 26, 8, 12.652885770000001
CX, 26, 9, 12.09427473
CX, 26, 10, 11.454593260000001
CX, 26, 11, 11.37208969
CX, 26, 12, 11.26818362
CX, 26, 13, 11.15620476
CX, 26, 14, 11.162260909999999
CX, 26, 15, 11.11705605
CX, 26, 16, 11.162250389999999
CX, 26, 17, 11.12186114
CX, 26, 18, 11.35280947
CX, 26, 19, 11.23132512
CX, 26, 20, 11.23387234
CX, 26, 21, 11.15199536
CX, 26, 22, 11.232038159999998
CX, 26, 23, 11.155981500000001
CX, 26, 24, 11.20985476
CX, 26, 25, 11.20165083
CX, 27, 0, 40.94789022
CX, 27, 1, 40.901962139999995
CX, 27, 2, 22.82682824
CX, 27, 3, 22.287280960000004
CX, 27, 4, 22.502248630000004
CX, 27, 5, 22.61892013
CX, 27, 6, 28.26813293
CX, 27, 7, 27.06347901
CX, 27, 8, 23.787405149999998
CX, 27, 9, 23.7475559
CX, 27, 10, 22.83557583
CX, 27, 11, 22.86967255
CX, 27, 12, 22.44818185
CX, 27, 13, 22.40694289
CX, 27, 14, 22.35270671
CX, 27, 15, 22.503567430000004
CX, 27, 16, 22.46378794
CX, 27, 17, 22.29531172
CX, 27, 18, 22.33562742
CX, 27, 19, 22.39312714
CX, 27, 20, 22.523885209999996
CX, 27, 21, 22.483464389999998
CX, 27, 22, 22.48272107
CX, 27, 23, 22.486860590000003
CX, 27, 24, 22.87873249
CX, 27, 25, 22.71742986
CX, 27, 26, 22.322001309999997
CX, 28, 0, 81.47090179
CX, 28, 1, 81.4402114
CX, 28, 2, 44.21648197
CX, 28, 3, 43.386364009999994
CX, 28, 4, 44.131430480000006
CX, 28, 5, 43.50666731
CX, 28, 6, 55.73846771
CX, 28, 7, 45.01195279
CX, 28, 8, 46.621534139999994
CX, 28, 9, 45.51250027
CX, 28, 10, 44.982630920000005
CX, 28, 11, 44.67126694
CX, 28, 12, 44.48873421
CX, 28, 13, 44.11516708
CX, 28, 14, 43.6950151
CX, 28, 15, 44.13024132
CX, 28, 16, 44.00071860999999
CX, 28, 17, 43.84621924
CX, 28, 18, 43.57320815999999
CX, 28, 19, 43.77804913000001
CX, 28, 20, 43.63980521
CX, 28, 21, 43.76385466000001
CX, 28, 22, 43.7575096
CX, 28, 23, 43.821831089999996
CX, 28, 24, 43.95480885
CX, 28, 25, 44.06293685
CX, 28, 26, 43.798386789999995
CX, 28, 27, 44.00367459
CX, 29, 0, 160.13042143
CX, 29, 1, 160.12963747
CX, 29, 2, 88.4920898
CX, 29, 3, 85.40819712999999
CX, 29, 4, 86.82328814
CX, 29, 5, 121.86689179
CX, 29, 6, 90.65199172
CX, 29, 7, 94.90245638
CX, 29, 8, 92.14250097000001
CX, 29, 9, 90.42574853
CX, 29, 10, 89.37051695
CX, 29, 11, 88.2606139
CX, 29, 12, 87.53566335000001
CX, 29, 13, 87.22711754000001
CX, 29, 14, 86.62205772
CX, 29, 15, 86.36030186999999
CX, 29, 16, 86.43243847999999
CX, 29, 17, 86.72845862
CX, 29, 18, 87.16197890000001
CX, 29, 19, 86.73141756999999
CX, 29, 20, 85.92504906
CX, 29, 21, 86.89618869
CX, 29, 22, 86.55384393
CX, 29, 23, 87.04338406
CX, 29, 24, 86.31161285
CX, 29, 25, 86.73308254000001
CX, 29, 26, 87.20101096
CX, 29, 27, 87.04852765
CX, 29, 28, 86.33537421
CX, 30, 0, 321.59486087
CX, 30, 1, 321.82878882
CX, 30, 2, 173.36743156
CX, 30, 3, 169.02840084000002
CX, 30, 4, 180.05990939
CX, 30, 5, 241.54102574
CX, 30, 6, 179.63918199999998
CX, 30, 7, 193.46034419
CX, 30, 8, 176.29649042
CX, 30, 9, 182.31539295000002
CX, 30, 10, 175.51574628
CX, 30, 11, 175.27511190999996
CX, 30, 12, 173.04942602
CX, 30, 13, 172.5141596
CX, 30, 14, 173.37062164
CX, 30, 15, 171.27870169000002
CX, 30, 16, 170.94972825
CX, 30, 17, 170.87384752999998
CX, 30, 18, 170.41132794
CX, 30, 19, 172.62573049
CX, 30, 20, 170.56420731
CX, 30, 21, 170.55558972
CX, 30, 22, 170.15963024
CX, 30, 23, 172.53093486
CX, 30, 24, 172.29291322
CX, 30, 25, 172.49978427
CX, 30, 26, 170.96643587
CX, 30, 27, 170.85134981
CX, 30, 28, 171.07407830999998
CX, 30, 29, 171.29094101
CX, 31, 0, 634.9625734599999
CX, 31, 1, 634.2530572000001
CX, 31, 2, 339.79893857999997
CX, 31, 3, 336.76485026
CX, 31, 4, 344.26923203999996
CX, 31, 5, 484.02513006
CX, 31, 6, 342.98567599
CX, 31, 7, 387.49153921000004
CX, 31, 8, 362.05586123000006
CX, 31, 9, 352.79331549
CX, 31, 10, 355.19175534
CX, 31, 11, 342.82082124
CX, 31, 12, 345.69804958
CX, 31, 13, 342.52507581000003
CX, 31, 14, 344.05691577
CX, 31, 15, 344.76136119
CX, 31, 16, 343.59700793999997
CX, 31, 17, 339.84501718999996
CX, 31, 18, 340.02343351
CX, 31, 19, 339.36636563
CX, 31, 20, 341.08263589000006
CX, 31, 21, 339.55882688
CX, 31, 22, 342.6535978
CX, 31, 23, 342.50134176
CX, 31, 24, 339.7524356
CX, 31, 25, 339.82378400000005
CX, 31, 26, 340.3641668
CX, 31, 27, 343.31047026
CX, 31, 28, 343.08136476
CX, 31, 29, 343.09809407999995
CX, 31, 30, 340.03485784
CX, 32, 0, 1280.49720113
CX, 32, 1, 1269.25711423
CX, 32, 2, 688.9960095099999
CX, 32, 3, 672.8418790000001
CX, 32, 4, 678.76962443
CX, 32, 5, 950.61900088
CX, 32, 6, 713.11112772
CX, 32, 7, 764.88669187
CX, 32, 8, 698.83153365
CX, 32, 9, 708.6174147500001
CX, 32, 10, 699.06480657
CX, 32, 11, 687.62457011
CX, 32, 12, 689.9576915399999
CX, 32, 13, 682.7695631
CX, 32, 14, 681.1364777100001
CX, 32, 15, 680.41300267
CX, 32, 16, 685.08697712
CX, 32, 17, 677.16699687
CX, 32, 18, 680.70744327
CX, 32, 19, 677.3303589100001
CX, 32, 20, 675.49761756
CX, 32, 21, 683.4477986400001
CX, 32, 22, 676.3609111300001
CX, 32, 23, 677.0065431800001
CX, 32, 24, 683.79047532
CX, 32, 25, 678.0093066300001
CX, 32, 26, 678.21159549
CX, 32, 27, 677.7853306999999
CX, 32, 28, 678.1915046
CX, 32, 29, 683.6215830400001
CX, 32, 30, 684.6651544
CX, 32, 31, 684.6104314199999
CZ, 24, 0, 1.20924685
CZ, 24, 1, 1.85133869
CZ, 24, 2, 0.73982414
CZ, 24, 3, 0.7439252000000001
CZ, 24, 4, 0.76474029
CZ, 24, 5, 0.94655522
CZ, 24, 6, 0.96089427
CZ, 24, 7, 1.02307978
CZ, 24, 8, 0.8260241899999999
CZ, 24, 9, 0.7456562699999999
CZ, 24, 10, 0.7419131800000001
CZ, 24, 11, 0.74299393
CZ, 24, 12, 0.74656469
CZ, 24, 13, 0.7437294299999999
CZ, 24, 14, 0.74689081
CZ, 24, 15, 0.75166584
CZ, 24, 16, 0.74714299
CZ, 24, 17, 0.7490020000000001
CZ, 24, 18, 0.76906347
CZ, 24, 19, 0.7745196999999999
CZ, 24, 20, 0.76571905
CZ, 24, 21, 0.7705703199999999
CZ, 24, 22, 0.77614478
CZ, 24, 23, 0.76706649
CZ, 25, 0, 10.31565756
CZ, 25, 1, 2.6506496200000003
CZ, 25, 2, 6.13675969
CZ, 25, 3, 5.5831732700000005
CZ, 25, 4, 1.70584961
CZ, 25, 5, 3.3812532899999996
CZ, 25, 6, 7.116695589999999
CZ, 25, 7, 1.72098545
CZ, 25, 8, 1.82899931
CZ, 25, 9, 1.35109393
CZ, 25, 10, 1.71385056
CZ, 25, 11, 1.36636574
CZ, 25, 12, 1.69944319
CZ, 25, 13, 1.3507667100000003
CZ, 25, 14, 1.35189215
CZ, 25, 15, 1.72292493
CZ, 25, 16, 1.35455238
CZ, 25, 17, 1.69003047
CZ, 25, 18, 2.2353469400000003
CZ, 25, 19, 1.38061601
CZ, 25, 20, 2.31871624
CZ, 25, 21, 2.25639578
CZ, 25, 22, 1.37158942
CZ, 25, 23, 1.81443073
CZ, 25, 24, 2.30721437
CZ, 26, 0, 11.16007374
CZ, 26, 1, 20.87203318
CZ, 26, 2, 7.07346054
CZ, 26, 3, 6.45052375
CZ, 26, 4, 6.655713319999999
CZ, 26, 5, 6.6949659299999995
CZ, 26, 6, 7.0041183799999995
CZ, 26, 7, 7.22008285
CZ, 26, 8, 12.615479570000002
CZ, 26, 9, 3.78148873
CZ, 26, 10, 3.5819954399999996
CZ, 26, 11, 3.80618489
CZ, 26, 12, 8.71834273
CZ, 26, 13, 6.570163879999999
CZ, 26, 14, 6.4608554
CZ, 26, 15, 3.14831417
CZ, 26, 16, 6.464841730000001
CZ, 26, 17, 7.04877238
CZ, 26, 18, 7.01857933
CZ, 26, 19, 11.205563169999998
CZ, 26, 20, 7.12613111
CZ, 26, 21, 7.23946792
CZ, 26, 22, 3.1190386599999997
CZ, 26, 23, 8.719114959999999
CZ, 26, 24, 11.209886840000001
CZ, 26, 25, 3.22870042
CZ, 27, 0, 22.77640618
CZ, 27, 1, 22.36915423
CZ, 27, 2, 13.768231879999998
CZ, 27, 3, 22.08311529
CZ, 27, 4, 13.56798064
CZ, 27, 5, 17.70811908
CZ, 27, 6, 15.79952804
CZ, 27, 7, 14.62928002
CZ, 27, 8, 13.66736633
CZ, 27, 9, 13.44484863
CZ, 27, 10, 13.13488023
CZ, 27, 11, 13.01358815
CZ, 27, 12, 15.783884079999998
CZ, 27, 13, 14.52295381
CZ, 27, 14, 12.874502269999999
CZ, 27, 15, 22.485736109999998
CZ, 27, 16, 17.46314539
CZ, 27, 17, 12.862750899999998
CZ, 27, 18, 22.61134321
CZ, 27, 19, 22.476630919999998
CZ, 27, 20, 22.493682470000003
CZ, 27, 21, 12.881343759999998
CZ, 27, 22, 15.857759499999998
CZ, 27, 23, 13.196077260000001
CZ, 27, 24, 13.060193659999998
CZ, 27, 25, 12.861611589999999
CZ, 27, 26, 13.06533768
CZ, 28, 0, 44.03583614000001
CZ, 28, 1, 43.92192386
CZ, 28, 2, 45.984858429999996
CZ, 28, 3, 25.07490852
CZ, 28, 4, 25.17002452
CZ, 28, 5, 25.10076751
CZ, 28, 6, 30.65869057
CZ, 28, 7, 28.589488260000003
CZ, 28, 8, 26.776876910000002
CZ, 28, 9, 26.35390359
CZ, 28, 10, 25.51419912
CZ, 28, 11, 31.073762669999997
CZ, 28, 12, 25.47555062
CZ, 28, 13, 25.788364480000002
CZ, 28, 14, 24.94052822
CZ, 28, 15, 25.33473243
CZ, 28, 16, 25.390537339999998
CZ, 28, 17, 26.088925789999998
CZ, 28, 18, 44.20470859
CZ, 28, 19, 28.31118239
CZ, 28, 20, 25.69709948
CZ, 28, 21, 44.31887604
CZ, 28, 22, 25.28658222
CZ, 28, 23, 26.165264509999997
CZ, 28, 24, 25.305566810000002
CZ, 28, 25, 27.04992681
CZ, 28, 26, 25.48430949
CZ, 28, 27, 44.02446335999999
CZ, 29, 0, 86.70814862
CZ, 29, 1, 93.14557491000001
CZ, 29, 2, 50.644234499999996
CZ, 29, 3, 48.786510060000005
CZ, 29, 4, 86.7961081
CZ, 29, 5, 66.63479953000001
CZ, 29, 6, 60.478919659999995
CZ, 29, 7, 98.50409701
CZ, 29, 8, 52.536574189999996
CZ, 29, 9, 53.11640968
CZ, 29, 10, 51.615998760000004
CZ, 29, 11, 88.7417239
CZ, 29, 12, 49.910264809999994
CZ, 29, 13, 50.68380893
CZ, 29, 14, 51.228860100000006
CZ, 29, 15, 55.45234484
CZ, 29, 16, 87.02073361
CZ, 29, 17, 50.47482118
CZ, 29, 18, 52.34612154
CZ, 29, 19, 55.38466994
CZ, 29, 20, 49.39601855
CZ, 29, 21, 49.29937808
CZ, 29, 22, 49.38990256
CZ, 29, 23, 50.27073756
CZ, 29, 24, 50.40239398999999
CZ, 29, 25, 51.210838169999995
CZ, 29, 26, 49.72666572999999
CZ, 29, 27, 86.81432887
CZ, 29, 28, 66.72854086000001
CZ, 30, 0, 177.13311757
CZ, 30, 1, 241.29227404
CZ, 30, 2, 99.21788812000001
CZ, 30, 3, 169.03029684
CZ, 30, 4, 97.22941849
CZ, 30, 5, 135.4040017
CZ, 30, 6, 97.07404022
CZ, 30, 7, 110.54343695
CZ, 30, 8, 119.60436385999999
CZ, 30, 9, 120.70796256
CZ, 30, 10, 99.6933175
CZ, 30, 11, 98.74150799
CZ, 30, 12, 98.49440676
CZ, 30, 13, 99.44693231
CZ, 30, 14, 99.50149122999998
CZ, 30, 15, 96.00747812
CZ, 30, 16, 98.24903216999999
CZ, 30, 17, 97.43173327999999
CZ, 30, 18, 95.75684356
CZ, 30, 19, 119.08705755
CZ, 30, 20, 98.23308556
CZ, 30, 21, 171.77147668
CZ, 30, 22, 101.04149993
CZ, 30, 23, 97.33472431
CZ, 30, 24, 119.17071781000001
CZ, 30, 25, 97.65016998
CZ, 30, 26, 98.77431777
CZ, 30, 27, 172.15341706
CZ, 30, 28, 172.07152745
CZ, 30, 29, 119.242929
CZ, 31, 0, 336.55341085000003
CZ, 31, 1, 346.4319870300001
CZ, 31, 2, 347.03731259000006
CZ, 31, 3, 192.77965498
CZ, 31, 4, 193.72304275000002
CZ, 31, 5, 262.42356965999994
CZ, 31, 6, 236.89120914
CZ, 31, 7, 218.41966467999998
CZ, 31, 8, 385.22980679
CZ, 31, 9, 200.79306909
CZ, 31, 10, 191.95449595
CZ, 31, 11, 195.72095769
CZ, 31, 12, 194.05810334
CZ, 31, 13, 345.20252311999997
CZ, 31, 14, 194.08755673000002
CZ, 31, 15, 194.07459912
CZ, 31, 16, 194.19000275
CZ, 31, 17, 193.75364794
CZ, 31, 18, 217.73580338
CZ, 31, 19, 193.76877041
CZ, 31, 20, 262.38743074999996
CZ, 31, 21, 205.67631339
CZ, 31, 22, 193.31757309
CZ, 31, 23, 236.93114877
CZ, 31, 24, 342.71136441000004
CZ, 31, 25, 197.30498575
CZ, 31, 26, 193.51301357
CZ, 31, 27, 205.45704247999998
CZ, 31, 28, 217.54450294000003
CZ, 31, 29, 217.41539856
CZ, 31, 30, 193.67624689
CZ, 32, 0, 684.50730679
CZ, 32, 1, 734.49557347
CZ, 32, 2, 385.97818993
CZ, 32, 3, 381.36783551999997
CZ, 32, 4, 382.34707413
CZ, 32, 5, 528.54434663
CZ, 32, 6, 471.50529054000003
CZ, 32, 7, 435.6637078
CZ, 32, 8, 766.55424176
CZ, 32, 9, 441.87531515000006
CZ, 32, 10, 436.70653744
CZ, 32, 11, 697.2274347399999
CZ, 32, 12, 388.00663227999996
CZ, 32, 13, 393.28013685
CZ, 32, 14, 388.30857278999997
CZ, 32, 15, 385.81204135999997
CZ, 32, 16, 683.6088676999999
CZ, 32, 17, 683.47611529
CZ, 32, 18, 385.14136341
CZ, 32, 19, 682.92328429
CZ, 32, 20, 392.48055538000006
CZ, 32, 21, 384.90441046
CZ, 32, 22, 384.98514422
CZ, 32, 23, 385.18882942
CZ, 32, 24, 385.40807816
CZ, 32, 25, 385.05890874000005
CZ, 32, 26, 385.46273995999996
CZ, 32, 27, 385.40074394
CZ, 32, 28, 387.96353381000006
CZ, 32, 29, 384.84980272999996
CZ, 32, 30, 410.89570874000003
CZ, 32, 31, 433.18785557
CP, 24, 0, 1.2821495899999997
CP, 24, 1, 0.74815829
CP, 24, 2, 0.7385151500000001
CP, 24, 3, 1.23194754
CP, 24, 4, 1.25140184
CP, 24, 5, 1.57613094
CP, 24, 6, 1.51918133
CP, 24, 7, 1.19763776
CP, 24, 8, 0.75122279
CP, 24, 9, 0.74476457
CP, 24, 10, 0.74778959
CP, 24, 11, 0.74419961
CP, 24, 12, 0.73980219
CP, 24, 13, 0.7358011200000001
CP, 24, 14, 0.74012159
CP, 24, 15, 0.74170749
CP, 24, 16, 0.7458908
CP, 24, 17, 0.8659242300000001
CP, 24, 18, 0.7646829500000001
CP, 24, 19, 0.7789001399999999
CP, 24, 20, 0.7750098699999999
CP, 24, 21, 0.76566641
CP, 24, 22, 0.7606963
CP, 24, 23, 0.7891203700000001
CP, 25, 0, 2.23806526
CP, 25, 1, 6.34296581
CP, 25, 2, 1.78803425
CP, 25, 3, 3.69242739
CP, 25, 4, 1.72776235
CP, 25, 5, 1.9297115200000001
CP, 25, 6, 3.4822209999999996
CP, 25, 7, 1.71675292
CP, 25, 8, 1.8475504200000001
CP, 25, 9, 1.35060599
CP, 25, 10, 2.6425171499999998
CP, 25, 11, 1.3501823800000001
CP, 25, 12, 1.34621268
CP, 25, 13, 1.77628923
CP, 25, 14, 1.34993331
CP, 25, 15, 1.3536585600000002
CP, 25, 16, 1.3688924699999998
CP, 25, 17, 1.34762605
CP, 25, 18, 2.24382976
CP, 25, 19, 1.9489656499999999
CP, 25, 20, 1.7073733899999999
CP, 25, 21, 2.23419314
CP, 25, 22, 1.8443695
CP, 25, 23, 2.23590087
CP, 25, 24, 2.2862818500000004
CP, 26, 0, 12.61310248
CP, 26, 1, 20.85549988
CP, 26, 2, 7.544406179999999
CP, 26, 3, 6.46748615
CP, 26, 4, 6.55375212
CP, 26, 5, 8.7402211
CP, 26, 6, 7.8793915000000005
CP, 26, 7, 12.68358804
CP, 26, 8, 4.24439212
CP, 26, 9, 3.8312167200000005
CP, 26, 10, 3.4982508400000003
CP, 26, 11, 3.2786040799999996
CP, 26, 12, 7.210333629999999
CP, 26, 13, 3.22611931
CP, 26, 14, 7.054598159999999
CP, 26, 15, 3.1133248699999996
CP, 26, 16, 3.22745294
CP, 26, 17, 7.007191000000001
CP, 26, 18, 7.85976069
CP, 26, 19, 11.18952355
CP, 26, 20, 3.14012397
CP, 26, 21, 3.11152066
CP, 26, 22, 3.163036
CP, 26, 23, 8.7471763
CP, 26, 24, 6.60570061
CP, 26, 25, 6.55871275
CP, 27, 0, 31.153529309999996
CP, 27, 1, 22.60714151
CP, 27, 2, 13.80374476
CP, 27, 3, 13.48389559
CP, 27, 4, 13.179068730000001
CP, 27, 5, 13.01082542
CP, 27, 6, 13.263202080000001
CP, 27, 7, 14.42624573
CP, 27, 8, 13.68618796
CP, 27, 9, 13.30515647
CP, 27, 10, 17.509790040000002
CP, 27, 11, 13.275707480000001
CP, 27, 12, 22.701954999999998
CP, 27, 13, 12.910267580000001
CP, 27, 14, 22.54465601
CP, 27, 15, 17.459567110000002
CP, 27, 16, 13.79826322
CP, 27, 17, 13.273430829999999
CP, 27, 18, 12.86677908
CP, 27, 19, 12.93057644
CP, 27, 20, 22.4685199
CP, 27, 21, 12.87448948
CP, 27, 22, 12.881553349999999
CP, 27, 23, 12.84157615
CP, 27, 24, 22.679282099999998
CP, 27, 25, 13.01202597
CP, 27, 26, 12.891167170000001
CP, 28, 0, 61.42946507999999
CP, 28, 1, 44.12180585
CP, 28, 2, 26.16543639
CP, 28, 3, 25.81805908
CP, 28, 4, 25.10914992
CP, 28, 5, 34.272326639999996
CP, 28, 6, 25.5214342
CP, 28, 7, 28.49746572
CP, 28, 8, 26.973903770000003
CP, 28, 9, 27.122290269999997
CP, 28, 10, 34.201853729999996
CP, 28, 11, 25.593664959999998
CP, 28, 12, 44.46159702
CP, 28, 13, 44.40654196
CP, 28, 14, 44.25623573
CP, 28, 15, 26.11185958
CP, 28, 16, 25.438685909999997
CP, 28, 17, 25.182273629999997
CP, 28, 18, 44.11059725
CP, 28, 19, 26.313889229999997
CP, 28, 20, 25.706085100000003
CP, 28, 21, 25.30747506
CP, 28, 22, 25.33725752
CP, 28, 23, 25.718653850000003
CP, 28, 24, 25.35021948
CP, 28, 25, 25.29735591
CP, 28, 26, 44.23020966
CP, 28, 27, 25.59309737
CP, 29, 0, 87.72983077999999
CP, 29, 1, 93.18146112999999
CP, 29, 2, 51.52210651
CP, 29, 3, 48.9147277
CP, 29, 4, 49.33975495
CP, 29, 5, 67.24760432000001
CP, 29, 6, 109.75268308000001
CP, 29, 7, 98.57204429
CP, 29, 8, 51.36241014
CP, 29, 9, 51.25005279
CP, 29, 10, 67.29676198
CP, 29, 11, 50.08659887
CP, 29, 12, 60.691101229999994
CP, 29, 13, 49.61147563
CP, 29, 14, 87.24767338
CP, 29, 15, 86.99572933
CP, 29, 16, 49.401769480000006
CP, 29, 17, 49.402732470000004
CP, 29, 18, 52.298238489999996
CP, 29, 19, 50.494349639999996
CP, 29, 20, 50.126336900000005
CP, 29, 21, 48.62569034
CP, 29, 22, 50.43097356
CP, 29, 23, 50.43433218
CP, 29, 24, 86.88298943
CP, 29, 25, 49.47901785
CP, 29, 26, 50.40408591
CP, 29, 27, 49.45827293
CP, 29, 28, 49.68822545
CP, 30, 0, 177.30801824
CP, 30, 1, 172.53671608000002
CP, 30, 2, 99.10901353
CP, 30, 3, 97.71351999
CP, 30, 4, 97.50064112000001
CP, 30, 5, 241.46247976
CP, 30, 6, 217.89921549
CP, 30, 7, 195.66498182
CP, 30, 8, 103.28066439
CP, 30, 9, 101.52788346999999
CP, 30, 10, 99.27102880999999
CP, 30, 11, 132.95195137000002
CP, 30, 12, 98.25036754
CP, 30, 13, 98.01923814000001
CP, 30, 14, 97.89042721999999
CP, 30, 15, 97.8885964
CP, 30, 16, 172.2329287
CP, 30, 17, 99.55120515
CP, 30, 18, 98.25766429
CP, 30, 19, 171.97553211
CP, 30, 20, 97.22626566000001
CP, 30, 21, 97.43910831000001
CP, 30, 22, 97.35262637
CP, 30, 23, 98.27528357999999
CP, 30, 24, 97.41492019
CP, 30, 25, 119.44587304000001
CP, 30, 26, 172.19542225
CP, 30, 27, 109.60972147
CP, 30, 28, 97.70290423
CP, 30, 29, 97.51418512000001
CP, 31, 0, 367.7929397
CP, 31, 1, 384.97883529
CP, 31, 2, 194.09881486
CP, 31, 3, 192.60844423999998
CP, 31, 4, 192.42403395
CP, 31, 5, 263.4005498
CP, 31, 6, 237.37107943
CP, 31, 7, 218.81962367999998
CP, 31, 8, 192.79158152
CP, 31, 9, 200.82079561999998
CP, 31, 10, 197.48000969999998
CP, 31, 11, 195.88521837999997
CP, 31, 12, 346.62799706000004
CP, 31, 13, 263.43811909
CP, 31, 14, 194.19407762999998
CP, 31, 15, 262.88948045
CP, 31, 16, 200.81752346
CP, 31, 17, 217.55761567000002
CP, 31, 18, 205.49481571
CP, 31, 19, 193.98608722999998
CP, 31, 20, 193.22309349
CP, 31, 21, 195.70393918000002
CP, 31, 22, 193.47358762
CP, 31, 23, 236.65514501
CP, 31, 24, 217.56551322
CP, 31, 25, 194.41451661999997
CP, 31, 26, 217.52709718999998
CP, 31, 27, 197.14364086999998
CP, 31, 28, 193.64585388999998
CP, 31, 29, 194.20376180000002
CP, 31, 30, 236.84237685
CP, 32, 0, 700.04014429
CP, 32, 1, 960.29614541
CP, 32, 2, 389.27379253
CP, 32, 3, 408.07795695000004
CP, 32, 4, 682.6359077200001
CP, 32, 5, 960.31051027
CP, 32, 6, 458.26785212
CP, 32, 7, 433.24514116
CP, 32, 8, 416.1282234
CP, 32, 9, 400.78859556
CP, 32, 10, 528.05966478
CP, 32, 11, 389.94850711
CP, 32, 12, 393.91487579
CP, 32, 13, 387.06931562
CP, 32, 14, 686.32113315
CP, 32, 15, 386.54788381000003
CP, 32, 16, 385.40894347
CP, 32, 17, 683.82501332
CP, 32, 18, 386.53577071999996
CP, 32, 19, 385.46188466999996
CP, 32, 20, 522.8708303000001
CP, 32, 21, 384.97980988
CP, 32, 22, 385.4474014
CP, 32, 23, 387.09884422999994
CP, 32, 24, 388.27018676
CP, 32, 25, 385.08665168999994
CP, 32, 26, 378.75221283999997
CP, 32, 27, 385.59500058
CP, 32, 28, 472.05106250999995
CP, 32, 29, 683.31396498
CP, 32, 30, 385.2014778
CP, 32, 31, 683.42248522
RZZ, 24, 0, 1.8006973400000001
RZZ, 24, 1, 1.7982284700000002
RZZ, 24, 2, 1.8160589999999999
RZZ, 24, 3, 1.8166845800000002
RZZ, 24, 4, 1.82613315
RZZ, 24, 5, 2.14268462
RZZ, 24, 6, 1.9214894900000001
RZZ, 24, 7, 1.87726395
RZZ, 24, 8, 1.8441395999999999
RZZ, 24, 9, 1.8292051599999999
RZZ, 24, 10, 2.01191992
RZZ, 24, 11, 1.86066175
RZZ, 24, 12, 1.82153375
RZZ, 24, 13, 1.8304460999999999
RZZ, 24, 14, 1.8193956999999998
RZZ, 24, 15, 1.82904546
RZZ, 24, 16, 1.83935155
RZZ, 24, 17, 1.83701022
RZZ, 24, 18, 1.88348101
RZZ, 24, 19, 1.89081598
RZZ, 24, 20, 1.87639841
RZZ, 24, 21, 1.9033638199999998
RZZ, 24, 22, 1.90481115
RZZ, 24, 23, 1.88598344
RZZ, 25, 0, 10.567804820000001
RZZ, 25, 1, 10.276743040000001
RZZ, 25, 2, 10.28975195
RZZ, 25, 3, 10.29608873
RZZ, 25, 4, 10.28584768
RZZ, 25, 5, 10.30748268
RZZ, 25, 6, 10.303623589999999
RZZ, 25, 7, 10.366383290000002
RZZ, 25, 8, 10.316129140000001
RZZ, 25, 9, 10.33205196
RZZ, 25, 10, 10.48875111
RZZ, 25, 11, 10.418257790000002
RZZ, 25, 12, 10.376875530000001
RZZ, 25, 13, 10.35283947
RZZ, 25, 14, 10.298534770000002
RZZ, 25, 15, 10.36684295
RZZ, 25, 16, 10.361605350000001
RZZ, 25, 17, 10.371328440000001
RZZ, 25, 18, 10.38488158
RZZ, 25, 19, 10.71781123
RZZ, 25, 20, 10.37499438
RZZ, 25, 21, 10.442094479999998
RZZ, 25, 22, 10.40825619
RZZ, 25, 23, 10.437895740000002
RZZ, 25, 24, 10.436082189999999
RZZ, 26, 0, 20.85256555
RZZ, 26, 1, 20.85449461
RZZ, 26, 2, 21.126251659999998
RZZ, 26, 3, 20.89090298
RZZ, 26, 4, 20.813138699999996
RZZ, 26, 5, 20.778332680000002
RZZ, 26, 6, 20.969277489999996
RZZ, 26, 7, 20.85984854
RZZ, 26, 8, 20.966107009999998
RZZ, 26, 9, 20.86634824
RZZ, 26, 10, 21.026178820000002
RZZ, 26, 11, 21.31278235
RZZ, 26, 12, 21.17407452
RZZ, 26, 13, 21.03377298
RZZ, 26, 14, 20.95327585
RZZ, 26, 15, 21.02533844
RZZ, 26, 16, 21.03074807
RZZ, 26, 17, 21.022625920000003
RZZ, 26, 18, 20.95017469
RZZ, 26, 19, 20.9799465
RZZ, 26, 20, 20.92611179
RZZ, 26, 21, 21.19703607
RZZ, 26, 22, 20.949969909999997
RZZ, 26, 23, 20.925249259999998
RZZ, 26, 24, 20.80269158
RZZ, 26, 25, 20.96461241
RZZ, 27, 0, 41.08407685
RZZ, 27, 1, 41.263164249999996
RZZ, 27, 2, 41.38114689
RZZ, 27, 3, 41.16537492
RZZ, 27, 4, 41.27594194
RZZ, 27, 5, 41.17391979
RZZ, 27, 6, 41.13406323
RZZ, 27, 7, 41.442511780000004
RZZ, 27, 8, 41.191646840000004
RZZ, 27, 9, 41.44271518
RZZ, 27, 10, 41.401087759999996
RZZ, 27, 11, 41.484039450000004
RZZ, 27, 12, 41.53516174
RZZ, 27, 13, 41.37197943
RZZ, 27, 14, 41.71518963
RZZ, 27, 15, 41.39879356
RZZ, 27, 16, 41.861450360000006
RZZ, 27, 17, 41.360702939999996
RZZ, 27, 18, 41.43176363
RZZ, 27, 19, 41.698102950000006
RZZ, 27, 20, 41.45167891
RZZ, 27, 21, 41.57740089
RZZ, 27, 22, 41.506946150000005
RZZ, 27, 23, 41.51200091
RZZ, 27, 24, 41.45561698
RZZ, 27, 25, 41.20599559
RZZ, 27, 26, 41.360028910000004
RZZ, 28, 0, 81.12126544
RZZ, 28, 1, 81.0938964
RZZ, 28, 2, 81.3944791
RZZ, 28, 3, 81.29277467
RZZ, 28, 4, 81.21808473
RZZ, 28, 5, 81.14710131000001
RZZ, 28, 6, 80.93178812000001
RZZ, 28, 7, 81.11333848999999
RZZ, 28, 8, 81.3110349
RZZ, 28, 9, 81.58157679
RZZ, 28, 10, 81.97539659
RZZ, 28, 11, 82.05263249
RZZ, 28, 12, 82.13502135
RZZ, 28, 13, 81.96137045
RZZ, 28, 14, 82.26813062999999
RZZ, 28, 15, 81.85387669
RZZ, 28, 16, 81.84748712
RZZ, 28, 17, 81.85001332000002
RZZ, 28, 18, 81.949191
RZZ, 28, 19, 82.19204501
RZZ, 28, 20, 82.63848666999999
RZZ, 28, 21, 82.00477518
RZZ, 28, 22, 81.79981167
RZZ, 28, 23, 81.77762571000001
RZZ, 28, 24, 81.13541465000002
RZZ, 28, 25, 81.33708748
RZZ, 28, 26, 81.21031363
RZZ, 28, 27, 81.14395234
RZZ, 29, 0, 160.76638124999997
RZZ, 29, 1, 160.89163549
RZZ, 29, 2, 160.7815775
RZZ, 29, 3, 160.93650254
RZZ, 29, 4, 160.93433499
RZZ, 29, 5, 160.99410178
RZZ, 29, 6, 161.06574509
RZZ, 29, 7, 160.54953618999997
RZZ, 29, 8, 161.12819291000002
RZZ, 29, 9, 161.28412987000002
RZZ, 29, 10, 162.58835714
RZZ, 29, 11, 162.44070072
RZZ, 29, 12, 162.47348295999998
RZZ, 29, 13, 162.7528737
RZZ, 29, 14, 162.67245835
RZZ, 29, 15, 162.25098417000004
RZZ, 29, 16, 162.44817394999998
RZZ, 29, 17, 162.28446355999998
RZZ, 29, 18, 162.53537443
RZZ, 29, 19, 162.52985232
RZZ, 29, 20, 162.23522373000003
RZZ, 29, 21, 162.36648356
RZZ, 29, 22, 162.68956576000002
RZZ, 29, 23, 162.18097943
RZZ, 29, 24, 160.67349331
RZZ, 29, 25, 160.65257838000002
RZZ, 29, 26, 160.61943453000004
RZZ, 29, 27, 160.66877045999996
RZZ, 29, 28, 160.43842082
RZZ, 30, 0, 319.64049277
RZZ, 30, 1, 319.80369422
RZZ, 30, 2, 319.56899753
RZZ, 30, 3, 319.87523437
RZZ, 30, 4, 319.51346441
RZZ, 30, 5, 320.10970985999995
RZZ, 30, 6, 319.39262572999996
RZZ, 30, 7, 319.55691069000005
RZZ, 30, 8, 320.77515216
RZZ, 30, 9, 320.98293968999997
RZZ, 30, 10, 323.23455944
RZZ, 30, 11, 323.13459111
RZZ, 30, 12, 323.39866245
RZZ, 30, 13, 324.35068625
RZZ, 30, 14, 323.10855920999995
RZZ, 30, 15, 322.62408277
RZZ, 30, 16, 322.49518973999994
RZZ, 30, 17, 322.99218910999997
RZZ, 30, 18, 322.87838682
RZZ, 30, 19, 322.99713595000003
RZZ, 30, 20, 323.132616
RZZ, 30, 21, 323.16900273000005
RZZ, 30, 22, 323.58030784000005
RZZ, 30, 23, 323.33936787
RZZ, 30, 24, 318.82977058
RZZ, 30, 25, 319.18823683
RZZ, 30, 26, 318.83052126
RZZ, 30, 27, 318.97132982
RZZ, 30, 28, 319.39324752000005
RZZ, 30, 29, 319.26626709
RZZ, 31, 0, 637.47314522
RZZ, 31, 1, 637.0288670299999
RZZ, 31, 2, 637.12787469
RZZ, 31, 3, 637.59475641
RZZ, 31, 4, 636.06576876
RZZ, 31, 5, 638.12823912
RZZ, 31, 6, 636.96918618
RZZ, 31, 7, 635.6255436600001
RZZ, 31, 8, 639.02131593
RZZ, 31, 9, 639.76433008
RZZ, 31, 10, 645.00126021
RZZ, 31, 11, 644.7468226200001
RZZ, 31, 12, 646.31926918
RZZ, 31, 13, 646.43127368
RZZ, 31, 14, 644.5334097799999
RZZ, 31, 15, 643.2505391799999
RZZ, 31, 16, 642.4826470799999
RZZ, 31, 17, 644.4046456
RZZ, 31, 18, 643.95635003
RZZ, 31, 19, 643.2997108000001
RZZ, 31, 20, 644.48251211
RZZ, 31, 21, 642.78145028
RZZ, 31, 22, 643.5462507
RZZ, 31, 23, 643.7904140300001
RZZ, 31, 24, 634.74698339
RZZ, 31, 25, 634.6495522
RZZ, 31, 26, 634.88506259
RZZ, 31, 27, 634.75367787
RZZ, 31, 28, 635.3958739999999
RZZ, 31, 29, 635.63494108
RZZ, 31, 30, 634.9189347600001
RZZ, 32, 0, 1272.32293159
RZZ, 32, 1, 1273.1839059000001
RZZ, 32, 2, 1271.5363843100001
RZZ, 32, 3, 1272.2442054299997
RZZ, 32, 4, 1270.4236586299999
RZZ, 32, 5, 1273.69186586
RZZ, 32, 6, 1272.4942698
RZZ, 32, 7, 1272.44196895
RZZ, 32, 8, 1275.2802516099998
RZZ, 32, 9, 1277.2547301400002
RZZ, 32, 10, 1285.2374821300002
RZZ, 32, 11, 1285.59618634
RZZ, 32, 12, 1290.5991831000001
RZZ, 32, 13, 1289.3464394399998
RZZ, 32, 14, 1285.7914366700002
RZZ, 32, 15, 1284.5312922100002
RZZ, 32, 16, 1284.91034923
RZZ, 32, 17, 1284.00558316
RZZ, 32, 18, 1284.69884804
RZZ, 32, 19, 1284.96824003
RZZ, 32, 20, 1284.8460899099998
RZZ, 32, 21, 1284.07019025
RZZ, 32, 22, 1284.16534761
RZZ, 32, 23, 1283.70885584
RZZ, 32, 24, 1266.41839856
RZZ, 32, 25, 1267.5459652
RZZ, 32, 26, 1266.9480423599998
RZZ, 32, 27, 1266.41656627
RZZ, 32, 28, 1265.8123203
RZZ, 32, 29, 1267.03205566
RZZ, 32, 30, 1266.6475454000001
RZZ, 32, 31, 1266.67174703
U2, 24, 0, 1.6057156099999998
U2, 24, 1, 1.59370087
U2, 24, 2, 1.60214937
U2, 24, 3, 1.64889912
U2, 24, 4, 1.5939260999999998
U2, 24, 5, 1.60695907
U2, 24, 6, 1.64056407
U2, 24, 7, 1.64292491
U2, 24, 8, 1.59956565
U2, 24, 9, 1.5967212
U2, 24, 10, 1.60457607
U2, 24, 11, 1.60029633
U2, 24, 12, 1.64414408
U2, 24, 13, 1.6010058499999997
U2, 24, 14, 1.6216808
U2, 24, 15, 1.59974794
U2, 24, 16, 1.59593804
U2, 24, 17, 1.6041998499999999
U2, 24, 18, 1.60334087
U2, 24, 19, 1.6093891599999999
U2, 24, 20, 1.6075022499999998
U2, 24, 21, 1.6028421000000002
U2, 24, 22, 1.61885301
U2, 24, 23, 1.60683566
U2, 25, 0, 3.1516802500000005
U2, 25, 1, 3.07025251
U2, 25, 2, 3.0539377200000004
U2, 25, 3, 3.0757788
U2, 25, 4, 3.08327085
U2, 25, 5, 3.17205449
U2, 25, 6, 3.07025641
U2, 25, 7, 3.37211086
U2, 25, 8, 3.07254837
U2, 25, 9, 3.08332666
U2, 25, 10, 3.0900354800000005
U2, 25, 11, 3.1588873
U2, 25, 12, 3.07517735
U2, 25, 13, 3.07347311
U2, 25, 14, 3.0790302699999996
U2, 25, 15, 3.08336926
U2, 25, 16, 3.1056529900000003
U2, 25, 17, 3.0794354200000003
U2, 25, 18, 3.0787477000000005
U2, 25, 19, 3.0730338400000003
U2, 25, 20, 3.08186356
U2, 25, 21, 3.0843387
U2, 25, 22, 3.0919688400000003
U2, 25, 23, 3.0931591000000003
U2, 25, 24, 3.0745427
U2, 26, 0, 6.03767022
U2, 26, 1, 6.027804430000001
U2, 26, 2, 6.0198633
U2, 26, 3, 6.026528669999999
U2, 26, 4, 6.01330699
U2, 26, 5, 6.02270684
U2, 26, 6, 6.0257222399999995
U2, 26, 7, 6.265408730000001
U2, 26, 8, 6.11466794
U2, 26, 9, 6.01073087
U2, 26, 10, 6.12902203
U2, 26, 11, 6.10864297
U2, 26, 12, 5.99973435
U2, 26, 13, 6.0283390400000005
U2, 26, 14, 6.01831985
U2, 26, 15, 6.009692180000001
U2, 26, 16, 6.021845099999999
U2, 26, 17, 6.033347999999999
U2, 26, 18, 6.0199504699999995
U2, 26, 19, 5.99042799
U2, 26, 20, 6.043860100000001
U2, 26, 21, 6.021751440000001
U2, 26, 22, 6.024497960000001
U2, 26, 23, 6.02206032
U2, 26, 24, 6.04468141
U2, 26, 25, 6.0160674499999995
U2, 27, 0, 11.67049778
U2, 27, 1, 11.736954959999998
U2, 27, 2, 11.64001211
U2, 27, 3, 11.69708138
U2, 27, 4, 12.025949840000001
U2, 27, 5, 11.751246790000001
U2, 27, 6, 11.74857107
U2, 27, 7, 11.98299746
U2, 27, 8, 11.72082013
U2, 27, 9, 11.77681503
U2, 27, 10, 11.739473389999999
U2, 27, 11, 11.73933122
U2, 27, 12, 11.78509021
U2, 27, 13, 11.879409489999999
U2, 27, 14, 11.76481592
U2, 27, 15, 11.8762776
U2, 27, 16, 11.706636580000001
U2, 27, 17, 11.726319819999999
U2, 27, 18, 11.72842996
U2, 27, 19, 11.739540530000001
U2, 27, 20, 11.69533036
U2, 27, 21, 11.7210767
U2, 27, 22, 12.036004920000002
U2, 27, 23, 11.77000737
U2, 27, 24, 11.98403331
U2, 27, 25, 11.79480315
U2, 27, 26, 11.79107683
U2, 28, 0, 22.442810240000004
U2, 28, 1, 23.07410822
U2, 28, 2, 22.37862673
U2, 28, 3, 22.403513080000003
U2, 28, 4, 22.3703087
U2, 28, 5, 22.446712
U2, 28, 6, 22.41124434
U2, 28, 7, 23.224207950000004
U2, 28, 8, 22.34993241
U2, 28, 9, 22.71075068
U2, 28, 10, 22.43567268
U2, 28, 11, 22.35760465
U2, 28, 12, 22.42099206
U2, 28, 13, 22.42095632
U2, 28, 14, 22.390438430000003
U2, 28, 15, 22.49769032
U2, 28, 16, 22.74363598
U2, 28, 17, 22.4864981
U2, 28, 18, 22.529312280000003
U2, 28, 19, 22.427162580000005
U2, 28, 20, 22.45131111
U2, 28, 21, 23.089744310000004
U2, 28, 22, 22.3812302
U2, 28, 23, 22.42130172
U2, 28, 24, 22.410214240000002
U2, 28, 25, 22.609723210000002
U2, 28, 26, 22.51837522
U2, 28, 27, 22.429188519999997
U2, 29, 0, 43.444121769999995
U2, 29, 1, 43.24486814
U2, 29, 2, 43.45321157
U2, 29, 3, 43.79556428
U2, 29, 4, 43.56670256
U2, 29, 5, 43.740545589999996
U2, 29, 6, 43.37915982
U2, 29, 7, 43.661553669999996
U2, 29, 8, 43.745004900000005
U2, 29, 9, 43.57167246
U2, 29, 10, 43.685759729999994
U2, 29, 11, 43.7377481
U2, 29, 12, 44.98339166
U2, 29, 13, 44.04410008
U2, 29, 14, 43.82414738
U2, 29, 15, 43.50242083999999
U2, 29, 16, 44.104162669999994
U2, 29, 17, 43.423031280000004
U2, 29, 18, 43.2746647
U2, 29, 19, 43.5068648
U2, 29, 20, 43.399872310000006
U2, 29, 21, 43.67951741
U2, 29, 22, 43.604284279999995
U2, 29, 23, 43.65920347
U2, 29, 24, 43.286630859999995
U2, 29, 25, 43.48601554
U2, 29, 26, 43.79982449
U2, 29, 27, 43.456774599999996
U2, 29, 28, 43.638538010000005
U2, 30, 0, 85.17483684
U2, 30, 1, 84.75437364
U2, 30, 2, 85.06458463999999
U2, 30, 3, 85.20265304
U2, 30, 4, 85.23252905
U2, 30, 5, 84.92079128
U2, 30, 6, 85.20007725999999
U2, 30, 7, 86.02418268999999
U2, 30, 8, 85.04903764999999
U2, 30, 9, 85.45454934
U2, 30, 10, 84.72396724999999
U2, 30, 11, 85.23690766
U2, 30, 12, 85.15318647999999
U2, 30, 13, 85.13521902000001
U2, 30, 14, 85.26831337000002
U2, 30, 15, 85.00582743000001
U2, 30, 16, 84.95028572000001
U2, 30, 17, 85.70334931
U2, 30, 18, 85.23388363000001
U2, 30, 19, 84.90655795
U2, 30, 20, 85.03458058
U2, 30, 21, 85.46926569
U2, 30, 22, 84.92693009
U2, 30, 23, 85.14686043
U2, 30, 24, 84.93500978
U2, 30, 25, 86.25292428
U2, 30, 26, 84.96090993
U2, 30, 27, 84.93505922000001
U2, 30, 28, 84.83280158
U2, 30, 29, 85.05029647
U2, 31, 0, 167.59628761999997
U2, 31, 1, 168.00873087999997
U2, 31, 2, 167.66497703
U2, 31, 3, 167.70537777
U2, 31, 4, 167.62715669999997
U2, 31, 5, 168.51317643000002
U2, 31, 6, 167.77729308
U2, 31, 7, 167.5894151
U2, 31, 8, 167.75959764
U2, 31, 9, 167.13933567000004
U2, 31, 10, 170.09347655999997
U2, 31, 11, 167.39410067000003
U2, 31, 12, 167.07956668000003
U2, 31, 13, 167.84178287999998
U2, 31, 14, 172.39436919
U2, 31, 15, 167.45769451
U2, 31, 16, 168.02480298
U2, 31, 17, 168.0280649
U2, 31, 18, 167.42262216
U2, 31, 19, 167.41365448000002
U2, 31, 20, 167.3694829
U2, 31, 21, 167.56034463
U2, 31, 22, 167.83739694000002
U2, 31, 23, 167.94202981
U2, 31, 24, 167.70750346999998
U2, 31, 25, 168.15548112
U2, 31, 26, 172.50337242
U2, 31, 27, 168.06945229000002
U2, 31, 28, 167.57794901
U2, 31, 29, 172.38772328
U2, 31, 30, 168.10712210999998
U2, 32, 0, 332.21922318
U2, 32, 1, 332.78318169000005
U2, 32, 2, 332.7931994
U2, 32, 3, 338.59444267
U2, 32, 4, 332.0094541600001
U2, 32, 5, 333.84396993999997
U2, 32, 6, 337.41234970999994
U2, 32, 7, 332.4382635
U2, 32, 8, 332.96145758999995
U2, 32, 9, 336.18870329000003
U2, 32, 10, 332.76267798
U2, 32, 11, 332.3475774
U2, 32, 12, 332.36604578
U2, 32, 13, 334.72729702000004
U2, 32, 14, 332.18633924999995
U2, 32, 15, 337.30463813
U2, 32, 16, 332.93538872
U2, 32, 17, 332.43409687999997
U2, 32, 18, 332.39200337
U2, 32, 19, 332.35463217000006
U2, 32, 20, 333.12839715999996
U2, 32, 21, 332.18096011
U2, 32, 22, 332.21191914
U2, 32, 23, 332.54790514
U2, 32, 24, 333.50151333
U2, 32, 25, 333.04268097
U2, 32, 26, 332.21031715000004
U2, 32, 27, 334.46601465000003
U2, 32, 28, 332.56709877000003
U2, 32, 29, 332.78790438
U2, 32, 30, 334.73464601
U2, 32, 31, 332.93785917
U3, 24, 0, 1.85993874
U3, 24, 1, 1.8068953300000001
U3, 24, 2, 1.8048888499999998
U3, 24, 3, 1.8282685800000003
U3, 24, 4, 1.809567
U3, 24, 5, 1.8587679400000001
U3, 24, 6, 1.8287039899999997
U3, 24, 7, 1.81269934
U3, 24, 8, 1.86559637
U3, 24, 9, 1.81682736
U3, 24, 10, 1.8267202599999999
U3, 24, 11, 1.83323177
U3, 24, 12, 1.81606772
U3, 24, 13, 1.8625341000000002
U3, 24, 14, 1.81794539
U3, 24, 15, 2.07994574
U3, 24, 16, 1.8182707
U3, 24, 17, 1.81551439
U3, 24, 18, 1.81953451
U3, 24, 19, 1.82514973
U3, 24, 20, 1.8222026699999998
U3, 24, 21, 1.8259768
U3, 24, 22, 1.82651431
U3, 24, 23, 1.85567968
U3, 25, 0, 3.54256117
U3, 25, 1, 3.5032175700000003
U3, 25, 2, 3.5124739799999998
U3, 25, 3, 3.6201941100000004
U3, 25, 4, 3.5254638700000003
U3, 25, 5, 3.5068296599999997
U3, 25, 6, 3.50242434
U3, 25, 7, 3.5056302
U3, 25, 8, 3.55950742
U3, 25, 9, 3.5172664399999998
U3, 25, 10, 3.5169306099999997
U3, 25, 11, 3.50306322
U3, 25, 12, 3.50758618
U3, 25, 13, 3.50169866
U3, 25, 14, 3.4984754899999997
U3, 25, 15, 3.52313703
U3, 25, 16, 3.5454400200000005
U3, 25, 17, 3.56415954
U3, 25, 18, 3.54643182
U3, 25, 19, 3.5119311
U3, 25, 20, 3.51455657
U3, 25, 21, 3.5324473
U3, 25, 22, 3.5215883999999997
U3, 25, 23, 3.76987104
U3, 25, 24, 3.5262689600000003
U3, 26, 0, 6.893416770000001
U3, 26, 1, 7.05988763
U3, 26, 2, 6.90837575
U3, 26, 3, 6.9244115299999995
U3, 26, 4, 6.94282752
U3, 26, 5, 6.87602472
U3, 26, 6, 6.970311089999999
U3, 26, 7, 7.06208862
U3, 26, 8, 7.06260844
U3, 26, 9, 7.04673637
U3, 26, 10, 6.92088263
U3, 26, 11, 7.0628828200000005
U3, 26, 12, 6.955748550000001
U3, 26, 13, 7.43017296
U3, 26, 14, 6.88072628
U3, 26, 15, 6.93838606
U3, 26, 16, 6.94127017
U3, 26, 17, 6.91136177
U3, 26, 18, 6.917151969999999
U3, 26, 19, 6.8871340299999995
U3, 26, 20, 6.93772288
U3, 26, 21, 6.89468001
U3, 26, 22, 6.88869784
U3, 26, 23, 6.925208550000001
U3, 26, 24, 6.915992869999999
U3, 26, 25, 6.914942320000001
U3, 27, 0, 13.48950553
U3, 27, 1, 13.556394019999999
U3, 27, 2, 13.4981211
U3, 27, 3, 13.54280941
U3, 27, 4, 13.56541615
U3, 27, 5, 13.67197029
U3, 27, 6, 13.517752780000002
U3, 27, 7, 13.510308980000001
U3, 27, 8, 13.62443013
U3, 27, 9, 13.515076059999998
U3, 27, 10, 13.84270355
U3, 27, 11, 13.824345520000001
U3, 27, 12, 13.529284089999999
U3, 27, 13, 13.72653959
U3, 27, 14, 13.57323179
U3, 27, 15, 13.6273897
U3, 27, 16, 13.58473202
U3, 27, 17, 13.627650979999999
U3, 27, 18, 13.534006309999999
U3, 27, 19, 13.61319932
U3, 27, 20, 13.610732409999999
U3, 27, 21, 13.604300330000001
U3, 27, 22, 13.575983749999999
U3, 27, 23, 13.531719879999999
U3, 27, 24, 13.65309968
U3, 27, 25, 13.51736018
U3, 27, 26, 13.676304309999999
U3, 28, 0, 26.08463435
U3, 28, 1, 26.35240783
U3, 28, 2, 26.42364055
U3, 28, 3, 26.170116499999995
U3, 28, 4, 26.41025152
U3, 28, 5, 26.38862817
U3, 28, 6, 26.27286952
U3, 28, 7, 26.10822194
U3, 28, 8, 26.12522615
U3, 28, 9, 26.358694279999998
U3, 28, 10, 26.70410209
U3, 28, 11, 26.10929529
U3, 28, 12, 26.093024809999996
U3, 28, 13, 26.99653328
U3, 28, 14, 26.14182779
U3, 28, 15, 26.02431694
U3, 28, 16, 26.093265
U3, 28, 17, 26.40415354
U3, 28, 18, 26.10591031
U3, 28, 19, 26.219625190000002
U3, 28, 20, 26.915088219999998
U3, 28, 21, 26.67707477
U3, 28, 22, 26.09109557
U3, 28, 23, 26.13116556
U3, 28, 24, 26.256380479999997
U3, 28, 25, 26.129702359999996
U3, 28, 26, 26.16522733
U3, 28, 27, 26.24773265
U3, 29, 0, 50.86119009
U3, 29, 1, 50.96428752
U3, 29, 2, 50.971410590000005
U3, 29, 3, 51.3917616
U3, 29, 4, 50.94850191
U3, 29, 5, 50.9522166
U3, 29, 6, 51.17242477999999
U3, 29, 7, 50.83217321000001
U3, 29, 8, 50.790014389999996
U3, 29, 9, 51.01643068999999
U3, 29, 10, 51.13454950999999
U3, 29, 11, 50.848812790000004
U3, 29, 12, 50.73964365
U3, 29, 13, 51.126749870000005
U3, 29, 14, 50.90524816
U3, 29, 15, 50.89650918
U3, 29, 16, 50.99855546
U3, 29, 17, 51.81584885000001
U3, 29, 18, 50.87364193
U3, 29, 19, 52.23070588
U3, 29, 20, 51.497868249999996
U3, 29, 21, 51.28479053000001
U3, 29, 22, 51.00697081
U3, 29, 23, 51.79001371
U3, 29, 24, 51.457363750000006
U3, 29, 25, 51.67733513
U3, 29, 26, 52.14124837
U3, 29, 27, 51.2006546
U3, 29, 28, 50.84518248
U3, 30, 0, 103.14215395
U3, 30, 1, 107.98279375
U3, 30, 2, 99.97576051
U3, 30, 3, 100.03775712
U3, 30, 4, 99.94732078
U3, 30, 5, 99.73368778
U3, 30, 6, 100.53009899999999
U3, 30, 7, 100.07328709999999
U3, 30, 8, 102.46420381
U3, 30, 9, 100.46853016
U3, 30, 10, 100.09991291
U3, 30, 11, 99.98629417000001
U3, 30, 12, 100.07125097
U3, 30, 13, 99.53418807
U3, 30, 14, 100.24593594000001
U3, 30, 15, 99.86078689
U3, 30, 16, 99.91907681
U3, 30, 17, 100.04608739999999
U3, 30, 18, 99.98194362
U3, 30, 19, 99.76275753
U3, 30, 20, 102.10902155
U3, 30, 21, 99.53142228
U3, 30, 22, 99.67211129
U3, 30, 23, 100.12870254999999
U3, 30, 24, 100.96680672
U3, 30, 25, 99.65481558
U3, 30, 26, 99.99008759
U3, 30, 27, 99.60710296
U3, 30, 28, 100.07819713
U3, 30, 29, 102.60854589999998
U3, 31, 0, 197.28514134
U3, 31, 1, 197.62374681
U3, 31, 2, 197.86091643999998
U3, 31, 3, 197.49631395
U3, 31, 4, 200.00516558
U3, 31, 5, 197.70750046999999
U3, 31, 6, 197.63077807
U3, 31, 7, 199.72887247
U3, 31, 8, 197.29249423999997
U3, 31, 9, 196.95620995
U3, 31, 10, 197.76712220000002
U3, 31, 11, 197.13397535
U3, 31, 12, 202.58533205999998
U3, 31, 13, 199.78433453
U3, 31, 14, 198.00046293
U3, 31, 15, 197.52174126
U3, 31, 16, 197.63190117000002
U3, 31, 17, 197.95835014000002
U3, 31, 18, 197.53376172
U3, 31, 19, 197.35309832
U3, 31, 20, 197.7218804
U3, 31, 21, 198.05767515
U3, 31, 22, 198.07414791
U3, 31, 23, 197.71901696
U3, 31, 24, 197.25583737000002
U3, 31, 25, 202.17589325999998
U3, 31, 26, 197.36930836
U3, 31, 27, 197.45629557
U3, 31, 28, 197.83871517
U3, 31, 29, 198.61779256999998
U3, 31, 30, 198.39813051
U3, 32, 0, 393.05834961000005
U3, 32, 1, 392.32609351
U3, 32, 2, 395.82709696
U3, 32, 3, 393.14239999
U3, 32, 4, 391.44717248
U3, 32, 5, 392.73789946
U3, 32, 6, 392.76007816000003
U3, 32, 7, 396.96161388
U3, 32, 8, 391.60570597000003
U3, 32, 9, 392.04137796
U3, 32, 10, 390.89701609
U3, 32, 11, 392.71972538999995
U3, 32, 12, 392.65822367
U3, 32, 13, 394.54153382999993
U3, 32, 14, 392.32205206000003
U3, 32, 15, 402.63729152999997
U3, 32, 16, 392.18393413999996
U3, 32, 17, 392.01351359999995
U3, 32, 18, 391.57460821
U3, 32, 19, 393.35307023
U3, 32, 20, 391.76952571999993
U3, 32, 21, 392.94244745000003
U3, 32, 22, 404.91204259
U3, 32, 23, 393.12878442
U3, 32, 24, 392.28275625000003
U3, 32, 25, 394.05208709
U3, 32, 26, 397.29356567
U3, 32, 27, 393.32656690999994
U3, 32, 28, 404.26134808999996
U3, 32, 29, 392.08146038
U3, 32, 30, 393.32606482000006
U3, 32, 31, 390.83687701
D1, 24, 0, 0.58693887
D1, 24, 1, 0.5684834900000001
D1, 24, 2, 0.57083143
D1, 24, 3, 0.56985168
D1, 24, 4, 0.57038358
D1, 24, 5, 0.56819394
D1, 24, 6, 0.5701697800000001
D1, 24, 7, 0.5710805099999999
D1, 24, 8, 0.5704878900000001
D1, 24, 9, 0.57347154
D1, 24, 10, 0.57143177
D1, 24, 11, 0.5710058699999999
D1, 24, 12, 0.57171231
D1, 24, 13, 0.56895999
D1, 24, 14, 0.57602588
D1, 24, 15, 0.5724702500000001
D1, 24, 16, 0.5724822700000001
D1, 24, 17, 0.5731315
D1, 24, 18, 0.57056333
D1, 24, 19, 0.56930204
D1, 24, 20, 0.57025044
D1, 24, 21, 0.57279236
D1, 24, 22, 0.5705473999999999
D1, 24, 23, 0.57324472
D1, 25, 0, 1.01197655
D1, 25, 1, 0.9974265799999998
D1, 25, 2, 0.9991479400000001
D1, 25, 3, 0.9972087700000001
D1, 25, 4, 0.9967093199999999
D1, 25, 5, 0.9988842299999999
D1, 25, 6, 1.00238618
D1, 25, 7, 1.00305264
D1, 25, 8, 1.00040762
D1, 25, 9, 1.00306175
D1, 25, 10, 1.00320363
D1, 25, 11, 1.00043838
D1, 25, 12, 0.99641126
D1, 25, 13, 0.99674989
D1, 25, 14, 0.9924013499999998
D1, 25, 15, 1.00042966
D1, 25, 16, 1.00193753
D1, 25, 17, 1.00356922
D1, 25, 18, 0.9972973300000001
D1, 25, 19, 1.00499362
D1, 25, 20, 1.00034039
D1, 25, 21, 0.9983359999999999
D1, 25, 22, 1.0042030100000001
D1, 25, 23, 1.00228789
D1, 25, 24, 0.99876531
D1, 26, 0, 1.89170924
D1, 26, 1, 1.89827137
D1, 26, 2, 1.8999343199999998
D1, 26, 3, 1.89931876
D1, 26, 4, 1.89882453
D1, 26, 5, 1.8891206299999999
D1, 26, 6, 1.90027849
D1, 26, 7, 1.8964269900000001
D1, 26, 8, 1.90105686
D1, 26, 9, 1.89875621
D1, 26, 10, 1.89471905
D1, 26, 11, 1.9004364800000002
D1, 26, 12, 1.90174246
D1, 26, 13, 1.93813766
D1, 26, 14, 1.9020035599999998
D1, 26, 15, 1.8954626599999997
D1, 26, 16, 1.8962326199999997
D1, 26, 17, 1.8989705100000003
D1, 26, 18, 1.901709
D1, 26, 19, 1.9005461000000001
D1, 26, 20, 1.90211087
D1, 26, 21, 1.9012742799999998
D1, 26, 22, 1.90448917
D1, 26, 23, 1.90454548
D1, 26, 24, 1.90359578
D1, 26, 25, 1.89989096
D1, 27, 0, 3.49495199
D1, 27, 1, 3.57869924
D1, 27, 2, 3.5674885899999995
D1, 27, 3, 3.57132176
D1, 27, 4, 3.5671288199999998
D1, 27, 5, 3.5715694399999998
D1, 27, 6, 3.57294124
D1, 27, 7, 3.6042028999999998
D1, 27, 8, 3.57361392
D1, 27, 9, 3.57035233
D1, 27, 10, 3.56893115
D1, 27, 11, 3.5534018099999995
D1, 27, 12, 3.56140979
D1, 27, 13, 3.5596895299999995
D1, 27, 14, 3.56222865
D1, 27, 15, 3.5625727
D1, 27, 16, 3.56697685
D1, 27, 17, 3.5599326
D1, 27, 18, 3.55783262
D1, 27, 19, 3.56332704
D1, 27, 20, 3.56295473
D1, 27, 21, 3.5614731300000004
D1, 27, 22, 3.5617546599999996
D1, 27, 23, 3.56408227
D1, 27, 24, 3.5621409999999996
D1, 27, 25, 3.55557566
D1, 27, 26, 3.56650828
D1, 28, 0, 6.33452907
D1, 28, 1, 6.35149674
D1, 28, 2, 6.3675317399999996
D1, 28, 3, 6.3630148900000005
D1, 28, 4, 6.36939558
D1, 28, 5, 6.363212170000001
D1, 28, 6, 6.36484517
D1, 28, 7, 6.36065994
D1, 28, 8, 6.359116620000001
D1, 28, 9, 6.35940197
D1, 28, 10, 6.37426775
D1, 28, 11, 6.38812683
D1, 28, 12, 6.3787173
D1, 28, 13, 6.41244424
D1, 28, 14, 6.37170503
D1, 28, 15, 6.370294149999999
D1, 28, 16, 6.367208090000001
D1, 28, 17, 6.39818433
D1, 28, 18, 6.37476865
D1, 28, 19, 6.38815032
D1, 28, 20, 6.3674329599999995
D1, 28, 21, 6.37288399
D1, 28, 22, 6.37738072
D1, 28, 23, 6.36885487
D1, 28, 24, 6.3724520799999995
D1, 28, 25, 6.379693619999999
D1, 28, 26, 6.36642227
D1, 28, 27, 6.370873110000001
D1, 29, 0, 11.800819429999999
D1, 29, 1, 11.837694729999999
D1, 29, 2, 11.81080288
D1, 29, 3, 11.83697402
D1, 29, 4, 11.813170500000002
D1, 29, 5, 11.84198274
D1, 29, 6, 11.813515599999999
D1, 29, 7, 11.833017880000002
D1, 29, 8, 11.84722654
D1, 29, 9, 11.834973019999998
D1, 29, 10, 11.799152639999999
D1, 29, 11, 11.80554057
D1, 29, 12, 11.83247915
D1, 29, 13, 11.805326899999999
D1, 29, 14, 11.805562259999999
D1, 29, 15, 11.81453639
D1, 29, 16, 11.812407780000001
D1, 29, 17, 11.75888072
D1, 29, 18, 11.765685640000001
D1, 29, 19, 11.798122939999999
D1, 29, 20, 11.75035631
D1, 29, 21, 11.78857358
D1, 29, 22, 11.76471266
D1, 29, 23, 11.776215779999998
D1, 29, 24, 11.79284853
D1, 29, 25, 11.79376188
D1, 29, 26, 11.83150535
D1, 29, 27, 11.8089432
D1, 29, 28, 11.842739680000001
D1, 30, 0, 22.4008465
D1, 30, 1, 22.57266397
D1, 30, 2, 22.58162011
D1, 30, 3, 22.58985157
D1, 30, 4, 22.62804463
D1, 30, 5, 22.58682465
D1, 30, 6, 22.62453971
D1, 30, 7, 22.575240509999997
D1, 30, 8, 22.57349046
D1, 30, 9, 22.5677359
D1, 30, 10, 22.55908157
D1, 30, 11, 22.606456929999997
D1, 30, 12, 22.53631383
D1, 30, 13, 22.590750779999997
D1, 30, 14, 22.579527060000004
D1, 30, 15, 22.594017489999995
D1, 30, 16, 22.5916146
D1, 30, 17, 22.55108762
D1, 30, 18, 22.62272308
D1, 30, 19, 22.55589445
D1, 30, 20, 22.470415570000004
D1, 30, 21, 22.472367520000002
D1, 30, 22, 22.4627783
D1, 30, 23, 22.47950416
D1, 30, 24, 22.453672649999998
D1, 30, 25, 22.465040260000002
D1, 30, 26, 22.476249259999996
D1, 30, 27, 22.454812780000005
D1, 30, 28, 22.490880710000003
D1, 30, 29, 22.46692504
D1, 31, 0, 43.47009388
D1, 31, 1, 43.45883498
D1, 31, 2, 43.46591054
D1, 31, 3, 43.48207995
D1, 31, 4, 43.49678974
D1, 31, 5, 43.484595549999995
D1, 31, 6, 43.59540782
D1, 31, 7, 43.51642528
D1, 31, 8, 43.54128179
D1, 31, 9, 43.52057783
D1, 31, 10, 43.49095396
D1, 31, 11, 43.51520602
D1, 31, 12, 43.491289560000006
D1, 31, 13, 43.487596440000004
D1, 31, 14, 43.46494538
D1, 31, 15, 43.48875269999999
D1, 31, 16, 43.47232061
D1, 31, 17, 43.46978258
D1, 31, 18, 43.52832754999999
D1, 31, 19, 43.51329071000001
D1, 31, 20, 43.4545892
D1, 31, 21, 43.458693950000004
D1, 31, 22, 43.612928520000004
D1, 31, 23, 43.46989833000001
D1, 31, 24, 43.54202082
D1, 31, 25, 43.476710360000006
D1, 31, 26, 43.46532795
D1, 31, 27, 43.454741739999996
D1, 31, 28, 43.469313830000004
D1, 31, 29, 43.472544600000006
D1, 31, 30, 43.494555090000006
D1, 32, 0, 85.40933593999999
D1, 32, 1, 85.4637125
D1, 32, 2, 85.4081747
D1, 32, 3, 85.41448273
D1, 32, 4, 85.48384921
D1, 32, 5, 85.41699582
D1, 32, 6, 85.4022458
D1, 32, 7, 85.40489269
D1, 32, 8, 85.49097005
D1, 32, 9, 85.45303485
D1, 32, 10, 85.47868319999999
D1, 32, 11, 85.53473487000001
D1, 32, 12, 85.44071851
D1, 32, 13, 85.45785169
D1, 32, 14, 85.53742301
D1, 32, 15, 85.44658416
D1, 32, 16, 85.53842745000001
D1, 32, 17, 85.47273876
D1, 32, 18, 85.44259797000001
D1, 32, 19, 85.54423890000001
D1, 32, 20, 85.46366016
D1, 32, 21, 85.42462207
D1, 32, 22, 85.51502649
D1, 32, 23, 85.45436769
D1, 32, 24, 85.47638743
D1, 32, 25, 85.44267262
D1, 32, 26, 85.46060471
D1, 32, 27, 85.44733123
D1, 32, 28, 85.43335059
D1, 32, 29, 85.43350464999999
D1, 32, 30, 85.48263554
D1, 32, 31, 85.54436009999999
D2, 24, 0, 1.59870808
D2, 24, 1, 1.5875430099999999
D2, 24, 2, 1.6327972099999999
D2, 24, 3, 1.58999146
D2, 24, 4, 1.5890028900000002
D2, 24, 5, 1.6529508300000002
D2, 24, 6, 1.58617763
D2, 24, 7, 1.58693306
D2, 24, 8, 1.58714677
D2, 24, 9, 1.58625908
D2, 24, 10, 1.63121301
D2, 24, 11, 1.5954416799999998
D2, 24, 12, 1.6020223599999999
D2, 24, 13, 1.60343514
D2, 24, 14, 1.58979348
D2, 24, 15, 1.5915328800000001
D2, 24, 16, 1.59294305
D2, 24, 17, 1.59459558
D2, 24, 18, 1.5908366600000001
D2, 24, 19, 1.5926581100000001
D2, 24, 20, 1.59839329
D2, 24, 21, 1.63748962
D2, 24, 22, 1.59742194
D2, 24, 23, 1.59471782
D2, 25, 0, 3.1271275
D2, 25, 1, 3.0498380600000004
D2, 25, 2, 3.04256738
D2, 25, 3, 3.06149126
D2, 25, 4, 3.0431426700000004
D2, 25, 5, 3.04798275
D2, 25, 6, 3.04741768
D2, 25, 7, 3.06585052
D2, 25, 8, 3.04882575
D2, 25, 9, 3.0505509099999997
D2, 25, 10, 3.05055062
D2, 25, 11, 3.04933591
D2, 25, 12, 3.0728768499999997
D2, 25, 13, 3.0574718400000003
D2, 25, 14, 3.0620383
D2, 25, 15, 3.05835151
D2, 25, 16, 3.0713612699999997
D2, 25, 17, 3.05821404
D2, 25, 18, 3.05939108
D2, 25, 19, 3.0592700499999994
D2, 25, 20, 3.0578366299999997
D2, 25, 21, 3.0525085400000003
D2, 25, 22, 3.06434538
D2, 25, 23, 3.0875071899999997
D2, 25, 24, 3.0934730999999998
D2, 26, 0, 5.994027330000001
D2, 26, 1, 5.9847296000000005
D2, 26, 2, 5.9915313999999995
D2, 26, 3, 5.98444577
D2, 26, 4, 5.96409168
D2, 26, 5, 5.99589288
D2, 26, 6, 5.99139665
D2, 26, 7, 6.14841056
D2, 26, 8, 6.110604469999999
D2, 26, 9, 6.15453608
D2, 26, 10, 6.0619682699999995
D2, 26, 11, 5.99345366
D2, 26, 12, 5.994901110000001
D2, 26, 13, 5.9777264500000005
D2, 26, 14, 5.978378479999999
D2, 26, 15, 5.9840845
D2, 26, 16, 5.98378093
D2, 26, 17, 6.02273109
D2, 26, 18, 6.00296541
D2, 26, 19, 5.99897374
D2, 26, 20, 6.00229314
D2, 26, 21, 5.99824928
D2, 26, 22, 6.06604351
D2, 26, 23, 5.991717989999999
D2, 26, 24, 5.9516884
D2, 26, 25, 6.068812660000001
D2, 27, 0, 11.97440938
D2, 27, 1, 11.66892908
D2, 27, 2, 11.68603482
D2, 27, 3, 11.77106566
D2, 27, 4, 11.643654080000001
D2, 27, 5, 11.685526280000001
D2, 27, 6, 11.6479834
D2, 27, 7, 11.66407672
D2, 27, 8, 11.81840594
D2, 27, 9, 11.7247598
D2, 27, 10, 11.71536168
D2, 27, 11, 11.79331198
D2, 27, 12, 11.665248880000002
D2, 27, 13, 11.690638730000002
D2, 27, 14, 11.76248956
D2, 27, 15, 11.69530037
D2, 27, 16, 11.71164356
D2, 27, 17, 11.888606
D2, 27, 18, 11.702630679999999
D2, 27, 19, 11.83674127
D2, 27, 20, 11.71009896
D2, 27, 21, 11.664111870000001
D2, 27, 22, 11.69132548
D2, 27, 23, 11.76029896
D2, 27, 24, 11.6871124
D2, 27, 25, 11.652930589999999
D2, 27, 26, 11.67444639
D2, 28, 0, 22.41744103
D2, 28, 1, 22.378050570000003
D2, 28, 2, 22.510345530000002
D2, 28, 3, 22.419395209999998
D2, 28, 4, 22.35976406
D2, 28, 5, 22.37113354
D2, 28, 6, 22.42621069
D2, 28, 7, 22.36151053
D2, 28, 8, 22.528559490000003
D2, 28, 9, 22.40031706
D2, 28, 10, 22.4301285
D2, 28, 11, 22.35461285
D2, 28, 12, 22.384411549999996
D2, 28, 13, 22.35771667
D2, 28, 14, 22.412934080000003
D2, 28, 15, 22.42258109
D2, 28, 16, 22.396608869999998
D2, 28, 17, 22.997500020000004
D2, 28, 18, 22.44875208
D2, 28, 19, 22.323446009999998
D2, 28, 20, 22.615217849999997
D2, 28, 21, 22.594604880000002
D2, 28, 22, 22.471894329999998
D2, 28, 23, 22.264707819999998
D2, 28, 24, 22.241243139999998
D2, 28, 25, 22.37568407
D2, 28, 26, 22.59514421
D2, 28, 27, 22.389976210000004
D2, 29, 0, 43.345517969999996
D2, 29, 1, 44.269587259999994
D2, 29, 2, 44.654003319999994
D2, 29, 3, 43.537443700000004
D2, 29, 4, 43.43112799
D2, 29, 5, 43.17492647
D2, 29, 6, 43.588376679999996
D2, 29, 7, 44.029889090000005
D2, 29, 8, 43.7210046
D2, 29, 9, 43.51560901
D2, 29, 10, 44.29718632
D2, 29, 11, 43.43917852
D2, 29, 12, 43.76229695
D2, 29, 13, 43.470213099999995
D2, 29, 14, 43.42600514
D2, 29, 15, 43.58509876
D2, 29, 16, 43.40282412
D2, 29, 17, 43.47122036
D2, 29, 18, 43.54687276
D2, 29, 19, 44.25538073
D2, 29, 20, 44.071051790000006
D2, 29, 21, 43.54258852
D2, 29, 22, 43.55676476000001
D2, 29, 23, 43.3820289
D2, 29, 24, 43.636262419999994
D2, 29, 25, 43.51761842
D2, 29, 26, 43.723035970000005
D2, 29, 27, 43.71576113
D2, 29, 28, 43.441981170000005
D2, 30, 0, 84.90078828
D2, 30, 1, 84.92479060000001
D2, 30, 2, 85.25016054
D2, 30, 3, 85.51404782
D2, 30, 4, 85.17608189
D2, 30, 5, 84.91255401000001
D2, 30, 6, 85.07220441999999
D2, 30, 7, 84.90540814999999
D2, 30, 8, 85.13712849999999
D2, 30, 9, 85.10661322
D2, 30, 10, 85.13536221000001
D2, 30, 11, 86.22466818
D2, 30, 12, 86.80942154
D2, 30, 13, 84.98115816
D2, 30, 14, 85.13221886
D2, 30, 15, 87.5165396
D2, 30, 16, 85.25913716
D2, 30, 17, 85.29668792
D2, 30, 18, 84.97016273
D2, 30, 19, 85.01737993000002
D2, 30, 20, 84.9502047
D2, 30, 21, 84.82531904
D2, 30, 22, 85.01392591999999
D2, 30, 23, 84.96725338
D2, 30, 24, 85.05070065000001
D2, 30, 25, 84.81170111000002
D2, 30, 26, 84.9090839
D2, 30, 27, 84.99008723
D2, 30, 28, 85.10765449
D2, 30, 29, 84.82327499
D2, 31, 0, 167.48397604000002
D2, 31, 1, 167.9219983
D2, 31, 2, 167.34116762
D2, 31, 3, 167.67708854
D2, 31, 4, 166.94127885
D2, 31, 5, 167.65666309
D2, 31, 6, 167.90163781
D2, 31, 7, 167.64504398
D2, 31, 8, 167.53431558999998
D2, 31, 9, 168.05024707
D2, 31, 10, 167.25154073
D2, 31, 11, 167.59925132
D2, 31, 12, 167.28983794
D2, 31, 13, 168.23947229000004
D2, 31, 14, 167.55818634
D2, 31, 15, 168.40037601999998
D2, 31, 16, 167.54519571999998
D2, 31, 17, 167.05072388
D2, 31, 18, 166.97359551000002
D2, 31, 19, 167.17937277000001
D2, 31, 20, 167.74787674
D2, 31, 21, 167.96583508
D2, 31, 22, 167.58788432999998
D2, 31, 23, 167.60281759
D2, 31, 24, 167.11686279
D2, 31, 25, 172.35903112999998
D2, 31, 26, 167.62707253999997
D2, 31, 27, 167.3891044
D2, 31, 28, 168.23406801000002
D2, 31, 29, 172.34913992
D2, 31, 30, 167.27728475
D2, 32, 0, 333.56984709000005
D2, 32, 1, 332.01722821
D2, 32, 2, 334.35786928
D2, 32, 3, 332.02046936
D2, 32, 4, 333.64554798999995
D2, 32, 5, 335.09069275
D2, 32, 6, 342.45460883
D2, 32, 7, 332.43358612000003
D2, 32, 8, 342.24114254
D2, 32, 9, 331.45287889
D2, 32, 10, 332.48070572000006
D2, 32, 11, 337.65291263
D2, 32, 12, 331.87618657999997
D2, 32, 13, 332.31008686999996
D2, 32, 14, 337.28911855
D2, 32, 15, 332.16970642
D2, 32, 16, 333.02356696
D2, 32, 17, 332.53826652000004
D2, 32, 18, 332.08687269
D2, 32, 19, 332.47547247999995
D2, 32, 20, 331.68297283000004
D2, 32, 21, 332.17025798
D2, 32, 22, 331.71948612999995
D2, 32, 23, 334.88102153
D2, 32, 24, 332.16946299999995
D2, 32, 25, 336.89810472
D2, 32, 26, 331.89098283000004
D2, 32, 27, 332.01156964
D2, 32, 28, 336.78066396
D2, 32, 29, 331.62402296000005
D2, 32, 30, 333.07867761
D2, 32, 31, 334.46732884
D3, 24, 0, 1.86242345
D3, 24, 1, 1.86023289
D3, 24, 2, 1.8613526200000001
D3, 24, 3, 1.8170265399999999
D3, 24, 4, 1.8110562099999998
D3, 24, 5, 1.8649332099999998
D3, 24, 6, 1.81872235
D3, 24, 7, 1.83680064
D3, 24, 8, 1.81505379
D3, 24, 9, 1.82139252
D3, 24, 10, 1.82264119
D3, 24, 11, 1.81890942
D3, 24, 12, 1.82946694
D3, 24, 13, 1.8286629099999998
D3, 24, 14, 1.8276566
D3, 24, 15, 1.8600720800000001
D3, 24, 16, 1.9289743799999999
D3, 24, 17, 1.82353047
D3, 24, 18, 1.83907406
D3, 24, 19, 1.81740005
D3, 24, 20, 1.8253140600000002
D3, 24, 21, 1.8210320399999997
D3, 24, 22, 1.8285822600000001
D3, 24, 23, 1.84638172
D3, 25, 0, 3.8617517699999997
D3, 25, 1, 3.5161430100000004
D3, 25, 2, 3.4968213599999998
D3, 25, 3, 3.54152907
D3, 25, 4, 3.5341860400000003
D3, 25, 5, 3.53772336
D3, 25, 6, 3.66433671
D3, 25, 7, 3.50095612
D3, 25, 8, 3.51698792
D3, 25, 9, 3.6008619100000003
D3, 25, 10, 3.50470412
D3, 25, 11, 3.50071644
D3, 25, 12, 3.56098386
D3, 25, 13, 3.5082798
D3, 25, 14, 3.54783032
D3, 25, 15, 3.6112724600000004
D3, 25, 16, 3.50363459
D3, 25, 17, 3.5050430599999998
D3, 25, 18, 3.5502114299999996
D3, 25, 19, 3.5289502
D3, 25, 20, 3.5071757
D3, 25, 21, 3.51844969
D3, 25, 22, 3.51400676
D3, 25, 23, 3.50228834
D3, 25, 24, 3.5023760900000003
D3, 26, 0, 7.034943460000001
D3, 26, 1, 7.15019166
D3, 26, 2, 6.887382960000001
D3, 26, 3, 6.887789140000001
D3, 26, 4, 6.9459564600000006
D3, 26, 5, 6.86679831
D3, 26, 6, 7.049679800000001
D3, 26, 7, 6.90599916
D3, 26, 8, 6.89439375
D3, 26, 9, 6.87980548
D3, 26, 10, 6.8859128599999995
D3, 26, 11, 6.896040070000001
D3, 26, 12, 6.92346308
D3, 26, 13, 6.895639300000001
D3, 26, 14, 6.96220907
D3, 26, 15, 6.92224797
D3, 26, 16, 6.88893889
D3, 26, 17, 6.922127540000001
D3, 26, 18, 7.03463465
D3, 26, 19, 6.930069800000001
D3, 26, 20, 6.89973787
D3, 26, 21, 6.963636370000001
D3, 26, 22, 6.8822539
D3, 26, 23, 7.048555540000001
D3, 26, 24, 6.892490209999999
D3, 26, 25, 6.8928504
D3, 27, 0, 13.532772829999999
D3, 27, 1, 13.465279109999999
D3, 27, 2, 13.86314818
D3, 27, 3, 13.504984310000001
D3, 27, 4, 13.55359831
D3, 27, 5, 13.801923030000001
D3, 27, 6, 13.51378359
D3, 27, 7, 13.47174744
D3, 27, 8, 13.847362
D3, 27, 9, 13.91495089
D3, 27, 10, 13.70779656
D3, 27, 11, 13.80238807
D3, 27, 12, 13.507180430000002
D3, 27, 13, 13.68353242
D3, 27, 14, 13.703675120000002
D3, 27, 15, 13.582632420000001
D3, 27, 16, 13.85157484
D3, 27, 17, 13.674614080000001
D3, 27, 18, 13.520763050000001
D3, 27, 19, 13.55673047
D3, 27, 20, 13.517336740000001
D3, 27, 21, 13.46062246
D3, 27, 22, 13.519879749999998
D3, 27, 23, 13.531983709999999
D3, 27, 24, 13.906499980000001
D3, 27, 25, 13.49186711
D3, 27, 26, 13.4875457
D3, 28, 0, 26.37983362
D3, 28, 1, 26.705119279999998
D3, 28, 2, 26.328543689999997
D3, 28, 3, 26.26082372
D3, 28, 4, 26.24491923
D3, 28, 5, 26.10259826
D3, 28, 6, 26.37001838
D3, 28, 7, 26.142152539999998
D3, 28, 8, 26.26687229
D3, 28, 9, 26.064268369999997
D3, 28, 10, 26.48443232
D3, 28, 11, 26.11656623
D3, 28, 12, 26.06740788
D3, 28, 13, 26.2988207
D3, 28, 14, 26.13029091
D3, 28, 15, 26.68934458
D3, 28, 16, 26.43981897
D3, 28, 17, 26.321921630000002
D3, 28, 18, 26.74150006
D3, 28, 19, 26.14787415
D3, 28, 20, 26.208432610000003
D3, 28, 21, 26.19486566
D3, 28, 22, 26.132264709999998
D3, 28, 23, 26.73745188
D3, 28, 24, 26.12149875
D3, 28, 25, 26.67797964
D3, 28, 26, 26.56164816
D3, 28, 27, 26.19286185
D3, 29, 0, 51.28245302
D3, 29, 1, 50.85354341000001
D3, 29, 2, 50.9506875
D3, 29, 3, 52.278245690000006
D3, 29, 4, 51.2511128
D3, 29, 5, 51.40361149
D3, 29, 6, 51.56916233
D3, 29, 7, 51.44996298
D3, 29, 8, 51.58034872
D3, 29, 9, 50.74912594
D3, 29, 10, 51.08037037
D3, 29, 11, 51.05463169
D3, 29, 12, 51.8492968
D3, 29, 13, 51.634493920000004
D3, 29, 14, 51.19308672
D3, 29, 15, 50.78320633
D3, 29, 16, 50.88136224000001
D3, 29, 17, 50.99172993
D3, 29, 18, 51.88720845
D3, 29, 19, 50.97098897000001
D3, 29, 20, 51.480470260000004
D3, 29, 21, 50.95648164
D3, 29, 22, 50.76295834
D3, 29, 23, 51.60915729
D3, 29, 24, 50.96138388
D3, 29, 25, 51.570375129999995
D3, 29, 26, 51.47457416
D3, 29, 27, 51.02557127
D3, 29, 28, 52.127817070000006
D3, 30, 0, 99.80427321
D3, 30, 1, 99.81878774
D3, 30, 2, 102.48719919999999
D3, 30, 3, 100.47748153
D3, 30, 4, 100.49955762
D3, 30, 5, 99.93699071
D3, 30, 6, 99.82449456999998
D3, 30, 7, 101.45378068
D3, 30, 8, 100.29966678999999
D3, 30, 9, 99.84525093
D3, 30, 10, 100.35742391999999
D3, 30, 11, 101.25489429999999
D3, 30, 12, 100.01049037
D3, 30, 13, 100.1747675
D3, 30, 14, 100.06140936
D3, 30, 15, 99.8452348
D3, 30, 16, 100.08453354000001
D3, 30, 17, 100.39973893999999
D3, 30, 18, 102.46064762
D3, 30, 19, 100.36184689000001
D3, 30, 20, 102.2650789
D3, 30, 21, 99.73504278
D3, 30, 22, 99.99966816
D3, 30, 23, 99.91941492000001
D3, 30, 24, 100.40331992000002
D3, 30, 25, 100.19798465
D3, 30, 26, 99.87293161000001
D3, 30, 27, 99.73217222000001
D3, 30, 28, 99.98032015999999
D3, 30, 29, 101.10596754999999
D3, 31, 0, 202.16849335999999
D3, 31, 1, 198.49131382
D3, 31, 2, 196.88401541
D3, 31, 3, 197.30494941999999
D3, 31, 4, 197.44268268999997
D3, 31, 5, 198.02916971999997
D3, 31, 6, 198.61529206
D3, 31, 7, 200.64061771
D3, 31, 8, 197.47742818
D3, 31, 9, 197.86798754999998
D3, 31, 10, 200.00519961999998
D3, 31, 11, 196.74659687
D3, 31, 12, 198.93354783
D3, 31, 13, 200.05770199
D3, 31, 14, 197.65515042
D3, 31, 15, 198.87245617000002
D3, 31, 16, 197.82092737999997
D3, 31, 17, 198.63652742
D3, 31, 18, 197.52237539
D3, 31, 19, 200.36221357999997
D3, 31, 20, 198.1028244
D3, 31, 21, 198.08080074
D3, 31, 22, 197.07826108999998
D3, 31, 23, 198.83012187
D3, 31, 24, 197.59088929
D3, 31, 25, 197.28547308999998
D3, 31, 26, 197.66062770000002
D3, 31, 27, 203.09810454
D3, 31, 28, 197.40384093
D3, 31, 29, 197.21703885
D3, 31, 30, 198.02321284
D3, 32, 0, 402.77155772000003
D3, 32, 1, 401.91252611000004
D3, 32, 2, 392.99898805
D3, 32, 3, 396.87746726999995
D3, 32, 4, 391.33671387000004
D3, 32, 5, 392.26176455999996
D3, 32, 6, 391.9843650899999
D3, 32, 7, 392.87502268
D3, 32, 8, 405.58953382
D3, 32, 9, 394.23033223
D3, 32, 10, 392.94529476
D3, 32, 11, 395.59120219
D3, 32, 12, 393.48111369
D3, 32, 13, 393.20046867
D3, 32, 14, 395.19849923
D3, 32, 15, 391.8708165400001
D3, 32, 16, 398.30331852
D3, 32, 17, 393.39673837
D3, 32, 18, 391.96735311
D3, 32, 19, 392.79950461
D3, 32, 20, 392.67411769
D3, 32, 21, 401.24756643
D3, 32, 22, 392.2744931
D3, 32, 23, 391.39922405999994
D3, 32, 24, 393.06775583999996
D3, 32, 25, 394.89745540999996
D3, 32, 26, 393.24217221
D3, 32, 27, 392.03386527
D3, 32, 28, 391.61555092
D3, 32, 29, 391.80292013
D3, 32, 30, 391.64805187
D3, 32, 31, 397.58947012
